year;area km²;consunit
2021;0,00;RESERVA EXTRATIVISTA MOGNO
2021;531,74;ÁREA DE PROTEÇÃO AMBIENTAL TRIUNFO DO XINGU
2021;29,52;ESTAÇÃO ECOLÓGICA DA TERRA DO MEIO
2021;3,02;FLORESTA NACIONAL DO CREPORI
2021;0,04;PARQUE ESTADUAL SERRA DOS REIS
2021;4,10;FLORESTA NACIONAL DE SARACÁ-TAQUERA
2021;0,18;RESERVA BIOLÓGICA DO GUAPORÉ
2021;0,04;RESERVA EXTRATIVISTA MARINHA MESTRE LUCINDO
2021;0,09;ÁREA DE PROTEÇÃO AMBIENTAL DE ALTER DO CHÃO
2021;8,73;ÁREA DE PROTEçãO AMBIENTAL DA BAIXADA MARANHENSE
2021;11,13;RESERVA EXTRATIVISTA VERDE PARA SEMPRE
2021;1,94;FLORESTA ESTADUAL DE TAPAUÁ
2021;3,26;RESERVA EXTRATIVISTA ALTO JURUÁ
2021;0,07;RESERVA DE DESENVOLVIMENTO SUSTENTÁVEL CANUMÃ
2021;0,08;ÁREA DE PROTEÇÃO AMBIENTAL DO IGARAPÉ GELADO
2021;0,07;ÁREA DE PROTEÇÃO AMBIENTAL DAS CABECEIRAS DO RIO CUIABÁ
2021;3,84;FLORESTA NACIONAL DO ARIPUANÃ
2021;3,03;RESERVA EXTRATIVISTA RIO CAJARI
2021;4,73;"FLORESTA ESTADUAL DE RENDIMENTO SUSTENTADO DO RIO MADEIRA ""B"""
2021;0,14;RESERVA EXTRATIVISTA BAIXO RIO BRANCO JAUAPERI
2021;0,69;ÁREA DE PROTEÇÃO AMBIENTAL PAYTUNA
2021;0,11;FLORESTA NACIONAL DE JATUARANA
2021;4,69;RESERVA EXTRATIVISTA DO CAZUMBÁ-IRACEMA
2021;2,83;RESERVA EXTRATIVISTA RENASCER
2021;22,46;ÁREA DE PROTEÇÃO AMBIENTAL DO LAGO DE TUCURUI
2021;2,00;FLORESTA NACIONAL DO TRAIRÃO
2021;0,63;RESERVA EXTRATIVISTA TERRA GRANDE PRACUUBA
2021;0,09;AREA DE PROTECAO AMBIENTAL XERIUINI
2021;0,11;RESERVA BIOLÓGICA MORRO DOS SEIS LAGOS
2021;1,39;RESERVA EXTRATIVISTA CATUÁ-IPIXUNA
2021;4,95;RESERVA BIOLÓGICA DO GURUPI
2021;0,07;RESERVA DE DESENVOLVIMENTO SUSTENTáVEL CAMPO DAS MANGABAS
2021;0,54;ÁREA DE PROTEÇÃO AMBIENTAL MARGEM ESQUERDA DO RIO NEGRO-SETOR TARUMÃ AÇU-TARUMÃ MIRIMA
2021;0,27;FLORESTA NACIONAL DE TAPAJÓS
2021;0,07;RESERVA EXTRATIVISTA DO RIO UNINI
2021;107,09;RESERVA EXTRATIVISTA JACI-PARANÁ
2021;7,41;ESTAÇÃO ECOLÓGICA SAMUEL
2021;7,32;ÁREA DE PROTEÇÃO AMBIENTAL DE PRESIDENTE FIGUEIREDO - CAVERNA DO MOROAGA
2021;0,01;PARQUE NACIONAL DOS CAMPOS FERRUGINOSOS
2021;0,40;RESERVA DE DESENVOLVIMENTO SUSTENTÁVEL UACARÍ
2021;0,87;PARQUE NACIONAL DA SERRA DO PARDO
2021;1,24;RESERVA BIOLÓGICA DO JARU
2021;0,11;ÁREA DE PROTEÇÃO AMBIENTAL NHAMUNDÁ
2021;2,35;RESERVA EXTRATIVISTA ARAPIXI
2021;0,13;PARQUE ESTADUAL DO CANTãO
2021;0,20;ÁREA DE PROTEÇÃO AMBIENTAL DOS CAMPOS DE MANICORÉ
2021;0,22;RESERVA EXTRATIVISTA IPÊ
2021;1,92;RESERVA EXTRATIVISTA DO MéDIO PURúS
2021;16,12;FLORESTA NACIONAL DE ITAITUBA II
2021;0,72;RESERVA EXTRATIVISTA DO RIO GREGÓRIO
2021;0,13;RESERVA EXTRATIVISTA MAPUÁ
2021;0,14;FLORESTA ESTADUAL MAÚES
2021;0,26;PARQUE ESTADUAL SERRA RICARDO FRANCO
2021;0,19;FLORESTA NACIONAL DE ITACAIUNAS
2021;0,07;FLORESTA NACIONAL DE PAU-ROSA
2021;3,95;PARQUE NACIONAL MAPINGUARI
2021;1,00;RESERVA EXTRATIVISTA BAIXO JURUÁ
2021;0,37;RESERVA DE DESENVOLVIMENTO SUSTENTÁVEL DO RIO NEGRO
2021;35,57;FLORESTA NACIONAL ALTAMIRA
2021;11,37;RESERVA EXTRATIVISTA GUARIBA-ROOSEVELT
2021;0,22;RESERVA EXTRATIVISTA MARINHA CUINARANA
2021;1,09;ÁREA DE PROTEÇÃO AMBIENTAL MARGEM DIREITA DO RIO NEGRO- SETOR PADUARI-SOLIMÕES
2021;0,67;PARQUE NACIONAL DO JURUENA
2021;3,07;ÁREA DE PROTEÇÃO AMBIENTAL DO SALTO MAGESSI
2021;10,89;FLORESTA ESTADUAL DO PARU
2021;0,97;PARQUE NACIONAL DA AMAZÔNIA
2021;1,97;RESERVA EXTRATIVISTA RIO CAUTÁRIO
2021;0,60;RESERVA EXTRATIVISTA TAPAJÓS ARAPIUNS
2021;0,08;ÁREA DE PROTEÇÃO AMBIENTAL LAGO DO AMAPÁ
2021;190,02;FLORESTA NACIONAL DO JAMANXIM
2021;1,42;ÁREA DE PROTEÇÃO AMBIENTAL ILHA DO BANANAL/CANTÃO
2021;0,19;ÁREA DE PROTEÇÃO AMBIENTAL DE SÃO GERALDO DO ARAGUAIA
2021;0,30;RESERVA DE DESENVOLVIMENTO SUSTENTÁVEL PUCURUÍ - ARARÃO
2021;7,54;PARQUE NACIONAL DOS CAMPOS AMAZÔNICOS
2021;0,74;RESERVA DE DESENVOLVIMENTO SUSTENTÁVEL PIAGAÇU PURUS
2021;0,18;RESERVA EXTRATIVISTA RIO IRIRI
2021;0,10;RESERVA DE DESENVOLVIMENTO SUSTENTáVEL DO RIO IRATAPURU
2021;1,33;FLORESTA ESTADUAL DO AMAPÁ
2021;10,69;RESERVA BIOLÓGICA NASCENTES SERRA DO CACHIMBO
2021;6,78;ÁREA DE PROTEÇÃO AMBIENTAL DO ARQUIPÉLAGO DO MARAJÓ
2021;0,03;PARQUE ESTADUAL DE MONTE ALEGRE
2021;1,25;RESERVA EXTRATIVISTA ARIÓCA PRUANÃ
2021;0,09;PARQUE ESTADUAL RIO NEGRO SETOR NORTE
2021;2,10;RESERVA EXTRATIVISTA RIOZINHO DA LIBERDADE
2021;0,22;FLORESTA ESTADUAL DE RENDIMENTO SUSTENTADO ARARAS
2021;0,04;RESERVA DE DESENVOLVIMENTO SUSTENTÁVEL ALCOBAÇA
2021;3,57;RESERVA EXTRATIVISTA RIOZINHO DO ANFRÍSIO
2021;2,13;ESTAçãO ECOLóGICA DO RIO ROOSEVELT
2021;1,75;PARQUE NACIONAL DO RIO NOVO
2021;0,94;RESERVA EXTRATIVISTA RIO OURO PRETO
2021;28,89;PARQUE ESTADUAL DE GUAJARÁ-MIRIM
2021;0,85;RESERVA DE DESENVOLVIMENTO SUSTENTÁVEL DO JUMA
2021;0,65;FLORESTA ESTADUAL MANICORÉ
2021;6,10;FLORESTA ESTADUAL DE IRIRI
2021;11,22;FLORESTA NACIONAL DE BOM FUTURO
2021;0,12;PARQUE NACIONAL DO MONTE RORAIMA
2021;0,21;RESERVA BIOLÓGICA DO MANICORÉ
2021;0,00;ÁREA DE PROTEçãO AMBIENTAL DA REGIãO DO MARACANã
2021;0,02;FLORESTA NACIONAL DE HUMAITÁ
2021;0,08;RESERVA EXTRATIVISTA GURUPÁ-MELGAÇO
2021;0,02;RESERVA EXTRATIVISTA MARACATIARA
2021;1,15;FLORESTA NACIONAL DO IQUIRI
2021;0,04;RESERVA EXTRATIVISTA RIO XINGU
2021;1,19;ÁREA DE RELEVANTE INTERESSE ECOLÓGICA SERINGAL NOVA ESPERANÇA
2021;0,09;FLORESTA NACIONAL DE MULATA
2021;0,24;ÁREA DE PROTEÇÃO AMBIENTAL DO RIO MADEIRA
2021;106,67;ÁREA DE PROTEÇÃO AMBIENTAL DO TAPAJÓS
2021;0,14;RESERVA EXTRATIVISTA CANUTAMA
2021;1,25;RESERVA EXTRATIVISTA ITUXí
2021;0,28;FLORESTA NACIONAL DE PURUS
2021;0,07;RESERVA EXTRATIVISTA LAGO DO CUNIÃ
2021;2,69;FLORESTA NACIONAL DE URUPADI
2021;1,39;FLORESTA NACIONAL DE BALATA-TUFARI
2021;2,32;FLORESTA ESTADUAL DE RENDIMENTO SUSTENTADO MUTUM
2021;0,08;PARQUE NACIONAL DO ACARI
2021;0,48;FLORESTA NACIONAL DE CARAJÁS
2021;88,03;RESERVA EXTRATIVISTA CHICO MENDES
2021;1,12;ÁREA DE PROTEÇÃO AMBIENTAL  TAPURUQUARA
2021;0,36;RESERVA EXTRATIVISTA IPAÚ-ANILZINHO
2021;1,39;PARQUE NACIONAL DA SERRA DO DIVISOR
2021;0,59;PARQUE NACIONAL DO PICO DA NEBLINA
2021;13,44;PARQUE NACIONAL DO JAMANXIM
2021;3,85;ÁREA DE PROTEçãO AMBIENTAL DE UPAON-AçU / MIRITIBA / ALTO PREGUIçAS
2021;0,50;FLORESTA NACIONAL DE RORAIMA
2021;3,94;RESERVA EXTRATIVISTA DO GUARIBA
2021;0,26;RESERVA BIOLÓGICA DE MAICURU
2021;0,15;ESTAÇÃO ECOLÓGICA DO GRÃO PARÁ
2021;0,24;AREA DE PROTEÇÃO AMBIENTAL TARUMA/PONTA NEGRA
2021;0,10;RESERVA EXTRATIVISTA RIO PACAÁS NOVOS
2021;0,22;FLORESTA NACIONAL DO AMAZONAS
2021;0,00;FLORESTA ESTADUAL DE RENDIMENTO SUSTENTADO DO RIO MACHADO
2021;0,54;FLORESTA ESTADUAL DE FARO
2021;0,03;FLORESTA ESTADUAL DE RENDIMENTO SUSTENTADO RIO VERMELHO (C)
2021;0,14;PARQUE ESTADUAL SERRA DO ARACÁ
2021;0,55;RESERVA EXTRATIVISTA ANGELIM
2021;1,30;ÁREA DE PROTEçãO AMBIENTAL DAS REENTRâNCIAS MARANHENSES
2021;0,68;ÁREA DE PROTEÇÃO AMBIENTAL IGARAPÉ SÃO FRANCISCO
2021;0,25;FLORESTA ESTADUAL CANUTAMA
2021;0,29;PARQUE ESTADUAL SERRA SANTA BÁRBARA
2021;0,04;RESERVA EXTRATIVISTA MAE GRANDE DE CURUÇA
2021;1,24;RESERVA EXTRATIVISTA ALTO TARAUACÁ
2021;2,96;ESTAÇÃO ECOLÓGICA JUAMI-JAPURÁ
2021;1,07;RESERVA DE DESENVOLVIMENTO SUSTENTÁVEL AMANÃ
2021;0,08;RESERVA EXTRATIVISTA AQUARIQUARA
2021;1,83;FLORESTA NACIONAL DE JACUNDÁ
2021;9,41;FLORESTA NACIONAL DO AMANÁ
2021;0,01;PARQUE ESTADUAL TUCUMÃ
2021;1,48;FLORESTA NACIONAL DE ITAITUBA I
2021;0,68;FLORESTA ESTADUAL DO TROMBETAS
2021;0,08;ÁREA DE PROTEÇÃO AMBIENTAL DA REGIÃO METROLPOLITANA DE BELÉM
2021;0,13;RESERVA EXTRATIVISTA MÉDIO JURUÁ
2021;1,00;ÁREA DE PROTEÇÃO AMBIENTAL MARGEM ESQUERDA DO RIO NEGRO-SETOR ATURIÁ-APUAUZINHO
2021;0,07;ÁREA DE RELEVANTE INTERESSE ECOLÓGICO JAPIIM PENTECOSTE
2021;5,49;FLORESTA NACIONAL DE CAXIUANÃ
2021;0,00;RESERVA EXTRATIVISTA MARACANÃ
2021;0,34;ESTAçãO ECOLóGICA ALTO MAUéS
2021;0,43;PARQUE NACIONAL MONTANHAS DO TUMUCUMAQUE
2021;0,57;FLORESTA NACIONAL DO JAMARI
2021;0,79;RESERVA EXTRATIVISTA DO LAGO DO CAPANÃ GRANDE
2021;0,49;FLORESTA NACIONAL DE SANTA ROSA DO PURUS
2021;0,48;FLORESTA NACIONAL DE TAPIRAPÉ-AQUIRI
2021;0,34;RESERVA DE DESENVOLVIMENTO SUSTENTÁVEL DO UATUMÃ
2021;6,46;FLORESTA NACIONAL DE TEFÉ
2021;0,09;FLORESTA NACIONAL DE MAPIÁ-INAUINÍ
2021;0,00;RESERVA EXTRATIVISTA FREIJÓ
2021;0,62;RESERVA DE DESENVOLVIMENTO SUSTENTAVEL DO RIO MADEIRA
2021;9,49;RESERVA EXTRATIVISTA RIO PRETO-JACUNDÁ
2021;0,16;PARQUE ESTADUAL DE CORUMBIARA
2021;0,10;ÁREA DE PROTEÇÃO AMBIENTAL - BAIXO RIO BRANCO
2020;0,95;RESERVA EXTRATIVISTA ARAPIXI
2020;0,26;RESERVA EXTRATIVISTA ITUXí
2020;436,31;ÁREA DE PROTEÇÃO AMBIENTAL TRIUNFO DO XINGU
2020;15,37;ESTAÇÃO ECOLÓGICA DA TERRA DO MEIO
2020;2,99;FLORESTA NACIONAL DO CREPORI
2020;0,01;PARQUE ESTADUAL SERRA DOS REIS
2020;5,28;FLORESTA NACIONAL DE SARACÁ-TAQUERA
2020;0,06;ÁREA DE PROTEÇÃO AMBIENTAL DE ALTER DO CHÃO
2020;25,24;ÁREA DE PROTEçãO AMBIENTAL DA BAIXADA MARANHENSE
2020;8,62;RESERVA EXTRATIVISTA VERDE PARA SEMPRE
2020;0,62;FLORESTA ESTADUAL DE TAPAUÁ
2020;18,34;RESERVA EXTRATIVISTA ALTO JURUÁ
2020;0,01;RESERVA DE DESENVOLVIMENTO SUSTENTÁVEL CANUMÃ
2020;0,34;ÁREA DE PROTEÇÃO AMBIENTAL DO IGARAPÉ GELADO
2020;1,04;FLORESTA NACIONAL DO ARIPUANÃ
2020;0,98;RESERVA EXTRATIVISTA RIO CAJARI
2020;1,12;"FLORESTA ESTADUAL DE RENDIMENTO SUSTENTADO DO RIO MADEIRA ""B"""
2020;0,07;FLORESTA NACIONAL DE JATUARANA
2020;6,00;RESERVA EXTRATIVISTA DO CAZUMBÁ-IRACEMA
2020;3,79;RESERVA EXTRATIVISTA RENASCER
2020;0,01;PARQUE ESTADUAL DO SíTIO DO RANGEDOR
2020;23,48;ÁREA DE PROTEÇÃO AMBIENTAL DO LAGO DE TUCURUI
2020;2,03;FLORESTA NACIONAL DO TRAIRÃO
2020;0,73;RESERVA EXTRATIVISTA TERRA GRANDE PRACUUBA
2020;0,19;AREA DE PROTECAO AMBIENTAL XERIUINI
2020;1,58;RESERVA EXTRATIVISTA CATUÁ-IPIXUNA
2020;3,39;RESERVA BIOLÓGICA DO GURUPI
2020;0,10;RESERVA DE DESENVOLVIMENTO SUSTENTáVEL CAMPO DAS MANGABAS
2020;1,99;ÁREA DE PROTEÇÃO AMBIENTAL MARGEM ESQUERDA DO RIO NEGRO-SETOR TARUMÃ AÇU-TARUMÃ MIRIMA
2020;0,67;RESERVA EXTRATIVISTA DO RIO JUTAÍ
2020;0,06;FLORESTA NACIONAL DE TAPAJÓS
2020;0,03;RESERVA EXTRATIVISTA DO RIO UNINI
2020;103,62;RESERVA EXTRATIVISTA JACI-PARANÁ
2020;4,15;ÁREA DE PROTEÇÃO AMBIENTAL DE PRESIDENTE FIGUEIREDO - CAVERNA DO MOROAGA
2020;0,08;RESERVA DE DESENVOLVIMENTO SUSTENTÁVEL UACARÍ
2020;0,67;PARQUE NACIONAL DA SERRA DO PARDO
2020;0,10;PARQUE ESTADUAL ENCONTRO DAS ÁGUAS
2020;0,31;RESERVA DE DESENVOLVIMENTO SUSTENTAVEL PURANGA CONQUISTA
2020;0,08;RESERVA BIOLÓGICA DO RIO TROMBETAS
2020;0,56;RESERVA EXTRATIVISTA IPÊ
2020;1,38;RESERVA EXTRATIVISTA DO MéDIO PURúS
2020;13,34;FLORESTA NACIONAL DE ITAITUBA II
2020;0,70;RESERVA EXTRATIVISTA DO RIO GREGÓRIO
2020;0,07;RESERVA EXTRATIVISTA MAPUÁ
2020;0,62;FLORESTA ESTADUAL MAÚES
2020;1,14;FLORESTA NACIONAL DE ITACAIUNAS
2020;0,08;FLORESTA ESTADUAL DE RENDIMENTO SUSTENTADO PERIQUITO
2020;0,00;FLORESTA NACIONAL DE PAU-ROSA
2020;2,32;PARQUE NACIONAL MAPINGUARI
2020;0,46;RESERVA DE DESENVOLVIMENTO SUSTENTÁVEL DO RIO NEGRO
2020;58,53;FLORESTA NACIONAL ALTAMIRA
2020;11,68;RESERVA EXTRATIVISTA GUARIBA-ROOSEVELT
2020;0,38;RESERVA EXTRATIVISTA MARINHA CUINARANA
2020;4,27;ÁREA DE PROTEÇÃO AMBIENTAL MARGEM DIREITA DO RIO NEGRO- SETOR PADUARI-SOLIMÕES
2020;0,38;PARQUE NACIONAL DO JURUENA
2020;0,23;RESERVA DE DESENVOLVIMENTO SUSTENTÁVEL CUJUBIM
2020;5,08;FLORESTA ESTADUAL DO PARU
2020;0,71;PARQUE NACIONAL DA AMAZÔNIA
2020;0,70;RESERVA EXTRATIVISTA RIO CAUTÁRIO
2020;0,48;RESERVA EXTRATIVISTA TAPAJÓS ARAPIUNS
2020;122,33;FLORESTA NACIONAL DO JAMANXIM
2020;1,41;ÁREA DE PROTEÇÃO AMBIENTAL ILHA DO BANANAL/CANTÃO
2020;0,07;ÁREA DE PROTEÇÃO AMBIENTAL DE SÃO GERALDO DO ARAGUAIA
2020;0,05;RESERVA DE DESENVOLVIMENTO SUSTENTÁVEL PUCURUÍ - ARARÃO
2020;5,19;PARQUE NACIONAL DOS CAMPOS AMAZÔNICOS
2020;0,48;RESERVA DE DESENVOLVIMENTO SUSTENTÁVEL PIAGAÇU PURUS
2020;0,07;RESERVA EXTRATIVISTA RIO IRIRI
2020;0,06;RESERVA BIOLÓGICA DO ABUFARI
2020;0,01;RESERVA DE DESENVOLVIMENTO SUSTENTáVEL DO RIO IRATAPURU
2020;2,11;FLORESTA ESTADUAL DO AMAPÁ
2020;26,00;RESERVA BIOLÓGICA NASCENTES SERRA DO CACHIMBO
2020;3,61;ÁREA DE PROTEÇÃO AMBIENTAL DO ARQUIPÉLAGO DO MARAJÓ
2020;0,09;ESTAÇÃO ECOLÓGICA DE JUTAÍ-SOLIMÕES
2020;0,12;RESERVA EXTRATIVISTA ARIÓCA PRUANÃ
2020;3,17;RESERVA EXTRATIVISTA RIOZINHO DA LIBERDADE
2020;0,10;FLORESTA ESTADUAL DE RENDIMENTO SUSTENTADO ARARAS
2020;0,01;RESERVA DE DESENVOLVIMENTO SUSTENTÁVEL ALCOBAÇA
2020;2,49;RESERVA EXTRATIVISTA RIOZINHO DO ANFRÍSIO
2020;0,29;PARQUE NACIONAL DO JAÚ
2020;2,96;ESTAçãO ECOLóGICA DO RIO ROOSEVELT
2020;1,06;PARQUE NACIONAL DO RIO NOVO
2020;1,43;RESERVA EXTRATIVISTA RIO OURO PRETO
2020;0,02;RESERVA EXTRATIVISTA SUCUPIRA
2020;0,14;ÁREA DE PROTEÇÃO AMBIENTAL MEANDROS DO ARAGUAIA
2020;0,51;PARQUE NACIONAL DE PACAÁS NOVOS
2020;7,53;PARQUE ESTADUAL DE GUAJARÁ-MIRIM
2020;1,58;RESERVA DE DESENVOLVIMENTO SUSTENTÁVEL DO JUMA
2020;18,18;FLORESTA ESTADUAL DE IRIRI
2020;11,34;FLORESTA NACIONAL DE BOM FUTURO
2020;0,05;PARQUE NACIONAL DO MONTE RORAIMA
2020;0,06;RESERVA BIOLÓGICA DO MANICORÉ
2020;0,12;ÁREA DE PROTEçãO AMBIENTAL DA REGIãO DO MARACANã
2020;0,26;RESERVA EXTRATIVISTA GURUPÁ-MELGAÇO
2020;0,01;RESERVA EXTRATIVISTA MARACATIARA
2020;0,44;FLORESTA NACIONAL DO IQUIRI
2020;0,58;ÁREA DE RELEVANTE INTERESSE ECOLÓGICA SERINGAL NOVA ESPERANÇA
2020;0,17;FLORESTA NACIONAL DE MULATA
2020;0,01;ÁREA DE PROTEÇÃO AMBIENTAL DO RIO MADEIRA
2020;69,63;ÁREA DE PROTEÇÃO AMBIENTAL DO TAPAJÓS
2020;0,02;PARQUE ESTADUAL IGARAPÉS DO JURUENA
2020;0,13;PARQUE ESTADUAL CRISTALINO
2020;0,13;RESERVA EXTRATIVISTA CANUTAMA
2020;0,50;RESERVA EXTRATIVISTA BAIXO JURUÁ
2020;0,70;FLORESTA NACIONAL DE PURUS
2020;1,35;FLORESTA NACIONAL DE URUPADI
2020;0,08;ÁREA DE PROTEÇÃO AMBIENTAL - BAIXO RIO BRANCO
2020;5,28;FLORESTA ESTADUAL DE RENDIMENTO SUSTENTADO MUTUM
2020;1,92;PARQUE NACIONAL DO ACARI
2020;1,19;FLORESTA NACIONAL DE CARAJÁS
2020;59,25;RESERVA EXTRATIVISTA CHICO MENDES
2020;0,79;ÁREA DE PROTEÇÃO AMBIENTAL  TAPURUQUARA
2020;0,58;RESERVA EXTRATIVISTA IPAÚ-ANILZINHO
2020;4,16;PARQUE NACIONAL DA SERRA DO DIVISOR
2020;0,08;PARQUE NACIONAL DO PICO DA NEBLINA
2020;8,62;PARQUE NACIONAL DO JAMANXIM
2020;7,13;ÁREA DE PROTEçãO AMBIENTAL DE UPAON-AçU / MIRITIBA / ALTO PREGUIçAS
2020;0,07;ÁREA DE PROTEÇÃO AMBIENTAL DA CHAPADA DOS GUIMARÃES
2020;2,42;FLORESTA NACIONAL DE RORAIMA
2020;0,66;RESERVA EXTRATIVISTA DO GUARIBA
2020;0,23;RESERVA BIOLÓGICA DE MAICURU
2020;0,17;AREA DE PROTEÇÃO AMBIENTAL TARUMA/PONTA NEGRA
2020;0,31;FLORESTA NACIONAL DO AMAZONAS
2020;0,63;FLORESTA ESTADUAL DE FARO
2020;0,24;PARQUE ESTADUAL SERRA DO ARACÁ
2020;0,90;RESERVA EXTRATIVISTA ANGELIM
2020;1,00;ÁREA DE PROTEçãO AMBIENTAL DAS REENTRâNCIAS MARANHENSES
2020;1,14;ÁREA DE PROTEÇÃO AMBIENTAL IGARAPÉ SÃO FRANCISCO
2020;1,42;PARQUE ESTADUAL SERRA SANTA BÁRBARA
2020;0,10;RESERVA EXTRATIVISTA MAE GRANDE DE CURUÇA
2020;3,04;RESERVA EXTRATIVISTA ALTO TARAUACÁ
2020;0,14;ESTAÇÃO ECOLÓGICA JUAMI-JAPURÁ
2020;0,71;RESERVA DE DESENVOLVIMENTO SUSTENTÁVEL AMANÃ
2020;0,97;FLORESTA NACIONAL DE JACUNDÁ
2020;8,69;FLORESTA NACIONAL DO AMANÁ
2020;1,32;FLORESTA NACIONAL DE ITAITUBA I
2020;0,16;FLORESTA ESTADUAL DO TROMBETAS
2020;0,60;RESERVA EXTRATIVISTA MÉDIO JURUÁ
2020;0,56;ÁREA DE PROTEÇÃO AMBIENTAL MARGEM ESQUERDA DO RIO NEGRO-SETOR ATURIÁ-APUAUZINHO
2020;1,03;FLORESTA NACIONAL DE CAXIUANÃ
2020;0,08;ESTAçãO ECOLóGICA ALTO MAUéS
2020;0,20;PARQUE NACIONAL MONTANHAS DO TUMUCUMAQUE
2020;0,10;RESERVA EXTRATIVISTA DO CIRIÁCO
2020;0,66;FLORESTA NACIONAL DO JAMARI
2020;0,62;FLORESTA NACIONAL DE SANTA ROSA DO PURUS
2020;0,14;PARQUE NACIONAL NASCENTES DO LAGO JARI
2020;1,74;FLORESTA NACIONAL DE TAPIRAPÉ-AQUIRI
2020;0,17;RESERVA DE DESENVOLVIMENTO SUSTENTÁVEL DO UATUMÃ
2020;0,20;FLORESTA ESTADUAL DE RENDIMENTO SUSTENTADO TUCANO
2020;3,84;FLORESTA NACIONAL DE TEFÉ
2020;0,38;FLORESTA NACIONAL DE MAPIÁ-INAUINÍ
2020;0,16;RESERVA DE DESENVOLVIMENTO SUSTENTAVEL DO RIO MADEIRA
2020;7,30;RESERVA EXTRATIVISTA RIO PRETO-JACUNDÁ
2020;0,48;FLORESTA NACIONAL DE BALATA-TUFARI
2019;0,12;RESERVA BIOLÓGICA DO UATUMÃ
2019;0,03;RESERVA EXTRATIVISTA BAIXO JURUÁ
2019;436,10;ÁREA DE PROTEÇÃO AMBIENTAL TRIUNFO DO XINGU
2019;33,02;ESTAÇÃO ECOLÓGICA DA TERRA DO MEIO
2019;3,29;FLORESTA NACIONAL DO CREPORI
2019;0,00;PARQUE ESTADUAL SERRA DOS REIS
2019;0,18;FLORESTA NACIONAL DE ANAUÁ
2019;4,47;FLORESTA NACIONAL DE SARACÁ-TAQUERA
2019;0,03;RESERVA BIOLÓGICA DO GUAPORÉ
2019;0,07;RESERVA EXTRATIVISTA MUNICIPAL BEIJA FLOR BRILHO DE FOGO
2019;0,21;ÁREA DE PROTEÇÃO AMBIENTAL DE ALTER DO CHÃO
2019;3,75;ÁREA DE PROTEçãO AMBIENTAL DA BAIXADA MARANHENSE
2019;7,39;RESERVA EXTRATIVISTA VERDE PARA SEMPRE
2019;0,62;FLORESTA ESTADUAL DE TAPAUÁ
2019;8,46;RESERVA EXTRATIVISTA ALTO JURUÁ
2019;0,14;RESERVA DE DESENVOLVIMENTO SUSTENTÁVEL CANUMÃ
2019;0,10;ÁREA DE PROTEÇÃO AMBIENTAL DO IGARAPÉ GELADO
2019;7,30;FLORESTA NACIONAL DO ARIPUANÃ
2019;1,60;RESERVA EXTRATIVISTA RIO CAJARI
2019;0,85;ÁREA DE PROTEÇÃO AMBIENTAL PAYTUNA
2019;0,04;FLORESTA NACIONAL DE JATUARANA
2019;2,77;RESERVA EXTRATIVISTA DO CAZUMBÁ-IRACEMA
2019;1,39;RESERVA EXTRATIVISTA RENASCER
2019;16,43;ÁREA DE PROTEÇÃO AMBIENTAL DO LAGO DE TUCURUI
2019;3,84;FLORESTA NACIONAL DO TRAIRÃO
2019;0,88;RESERVA EXTRATIVISTA TERRA GRANDE PRACUUBA
2019;0,14;PARQUE ESTADUAL DO MATUPIRI
2019;0,22;RESERVA BIOLÓGICA MORRO DOS SEIS LAGOS
2019;1,46;RESERVA EXTRATIVISTA CATUÁ-IPIXUNA
2019;3,16;RESERVA BIOLÓGICA DO GURUPI
2019;0,37;RESERVA DE DESENVOLVIMENTO SUSTENTáVEL CAMPO DAS MANGABAS
2019;1,45;ÁREA DE PROTEÇÃO AMBIENTAL MARGEM ESQUERDA DO RIO NEGRO-SETOR TARUMÃ AÇU-TARUMÃ MIRIMA
2019;0,07;RESERVA EXTRATIVISTA DO RIO JUTAÍ
2019;0,13;FLORESTA NACIONAL DE TAPAJÓS
2019;94,15;RESERVA EXTRATIVISTA JACI-PARANÁ
2019;6,03;ÁREA DE PROTEÇÃO AMBIENTAL DE PRESIDENTE FIGUEIREDO - CAVERNA DO MOROAGA
2019;0,06;RESERVA DE DESENVOLVIMENTO SUSTENTÁVEL UACARÍ
2019;0,58;PARQUE NACIONAL DA SERRA DO PARDO
2019;2,19;RESERVA EXTRATIVISTA ARAPIXI
2019;0,40;ÁREA DE PROTEÇÃO AMBIENTAL DOS CAMPOS DE MANICORÉ
2019;0,49;RESERVA EXTRATIVISTA IPÊ
2019;1,29;RESERVA EXTRATIVISTA DO MéDIO PURúS
2019;11,71;FLORESTA NACIONAL DE ITAITUBA II
2019;0,45;RESERVA EXTRATIVISTA DO RIO GREGÓRIO
2019;0,17;RESERVA EXTRATIVISTA MAPUÁ
2019;0,20;FLORESTA ESTADUAL MAÚES
2019;0,53;FLORESTA NACIONAL DE ITACAIUNAS
2019;0,19;FLORESTA ESTADUAL DE RENDIMENTO SUSTENTADO PERIQUITO
2019;0,06;FLORESTA NACIONAL DE PAU-ROSA
2019;0,04;PARQUE ESTADUAL DE CORUMBIARA
2019;0,64;RESERVA DE DESENVOLVIMENTO SUSTENTÁVEL DO RIO NEGRO
2019;20,93;FLORESTA NACIONAL ALTAMIRA
2019;7,09;RESERVA EXTRATIVISTA GUARIBA-ROOSEVELT
2019;0,00;RESERVA EXTRATIVISTA MARINHA CUINARANA
2019;3,14;ÁREA DE PROTEÇÃO AMBIENTAL MARGEM DIREITA DO RIO NEGRO- SETOR PADUARI-SOLIMÕES
2019;0,52;PARQUE NACIONAL DO JURUENA
2019;0,01;RESERVA DE DESENVOLVIMENTO SUSTENTÁVEL CUJUBIM
2019;14,05;FLORESTA ESTADUAL DO PARU
2019;0,24;PARQUE NACIONAL DA AMAZÔNIA
2019;0,50;RESERVA EXTRATIVISTA RIO CAUTÁRIO
2019;1,08;RESERVA EXTRATIVISTA TAPAJÓS ARAPIUNS
2019;0,17;ÁREA DE PROTEÇÃO AMBIENTAL LAGO DO AMAPÁ
2019;100,81;FLORESTA NACIONAL DO JAMANXIM
2019;1,75;ÁREA DE PROTEÇÃO AMBIENTAL ILHA DO BANANAL/CANTÃO
2019;0,01;RESERVA DE DESENVOLVIMENTO SUSTENTÁVEL PUCURUÍ - ARARÃO
2019;2,00;PARQUE NACIONAL DOS CAMPOS AMAZÔNICOS
2019;0,22;RESERVA DE DESENVOLVIMENTO SUSTENTÁVEL PIAGAÇU PURUS
2019;0,08;RESERVA EXTRATIVISTA AUATÍ-PARANÁ
2019;5,67;FLORESTA ESTADUAL DO AMAPÁ
2019;14,46;RESERVA BIOLÓGICA NASCENTES SERRA DO CACHIMBO
2019;3,62;ÁREA DE PROTEÇÃO AMBIENTAL DO ARQUIPÉLAGO DO MARAJÓ
2019;0,02;ESTAÇÃO ECOLÓGICA DE CUNIÃ
2019;0,43;RESERVA EXTRATIVISTA ARIÓCA PRUANÃ
2019;0,15;PARQUE ESTADUAL RIO NEGRO SETOR NORTE
2019;0,96;RESERVA EXTRATIVISTA RIOZINHO DA LIBERDADE
2019;0,36;RESERVA DE DESENVOLVIMENTO SUSTENTÁVEL ALCOBAÇA
2019;4,80;RESERVA EXTRATIVISTA RIOZINHO DO ANFRÍSIO
2019;0,33;PARQUE NACIONAL DO JAÚ
2019;0,09;ÁREA DE PROTEÇÃO AMBIENTAL LAGO DE SANTA ISABEL
2019;1,11;ESTAçãO ECOLóGICA DO RIO ROOSEVELT
2019;1,14;PARQUE NACIONAL DO RIO NOVO
2019;3,07;RESERVA EXTRATIVISTA RIO OURO PRETO
2019;3,88;PARQUE NACIONAL DE PACAÁS NOVOS
2019;13,56;PARQUE ESTADUAL DE GUAJARÁ-MIRIM
2019;0,43;RESERVA DE DESENVOLVIMENTO SUSTENTÁVEL DO JUMA
2019;4,22;FLORESTA ESTADUAL DE IRIRI
2019;8,89;FLORESTA NACIONAL DE BOM FUTURO
2019;0,30;FLORESTA NACIONAL DE BALATA-TUFARI
2019;0,32;FLORESTA NACIONAL DE HUMAITÁ
2019;0,44;RESERVA EXTRATIVISTA GURUPÁ-MELGAÇO
2019;1,00;FLORESTA NACIONAL DO IQUIRI
2019;0,02;RESERVA EXTRATIVISTA RIO XINGU
2019;0,71;ÁREA DE RELEVANTE INTERESSE ECOLÓGICA SERINGAL NOVA ESPERANÇA
2019;0,05;RESERVA EXTRATIVISTA MARINHA MOCAPAJUBA
2019;0,33;FLORESTA NACIONAL DE MULATA
2019;65,58;ÁREA DE PROTEÇÃO AMBIENTAL DO TAPAJÓS
2019;0,10;PARQUE ESTADUAL CRISTALINO
2019;0,45;RESERVA EXTRATIVISTA CANUTAMA
2019;0,34;FLORESTA NACIONAL DE PURUS
2019;1,00;FLORESTA NACIONAL DE URUPADI
2019;0,17;ÁREA DE PROTEÇÃO AMBIENTAL - BAIXO RIO BRANCO
2019;3,52;FLORESTA ESTADUAL DE RENDIMENTO SUSTENTADO MUTUM
2019;0,00;PARQUE NACIONAL DE ANAVILHANAS
2019;0,01;PARQUE NACIONAL DO ACARI
2019;1,45;FLORESTA NACIONAL DE CARAJÁS
2019;75,97;RESERVA EXTRATIVISTA CHICO MENDES
2019;2,21;ÁREA DE PROTEÇÃO AMBIENTAL  TAPURUQUARA
2019;0,28;RESERVA EXTRATIVISTA IPAÚ-ANILZINHO
2019;1,70;PARQUE NACIONAL DA SERRA DO DIVISOR
2019;0,85;PARQUE NACIONAL DO PICO DA NEBLINA
2019;6,31;PARQUE NACIONAL DO JAMANXIM
2019;0,92;ÁREA DE PROTEçãO AMBIENTAL DE UPAON-AçU / MIRITIBA / ALTO PREGUIçAS
2019;0,06;ÁREA DE PROTEÇÃO AMBIENTAL DA CHAPADA DOS GUIMARÃES
2019;0,15;ESTAÇÃO ECOLÓGICA DO GRÃO PARÁ
2019;6,48;FLORESTA NACIONAL DO AMAZONAS
2019;0,53;FLORESTA ESTADUAL DE FARO
2019;0,08;FLORESTA ESTADUAL DE RENDIMENTO SUSTENTADO RIO VERMELHO (C)
2019;5,50;PARQUE ESTADUAL SERRA DO ARACÁ
2019;0,70;RESERVA EXTRATIVISTA ANGELIM
2019;1,30;ÁREA DE PROTEçãO AMBIENTAL DAS REENTRâNCIAS MARANHENSES
2019;2,84;ÁREA DE PROTEÇÃO AMBIENTAL IGARAPÉ SÃO FRANCISCO
2019;0,17;FLORESTA ESTADUAL CANUTAMA
2019;0,66;PARQUE ESTADUAL SERRA SANTA BÁRBARA
2019;0,12;RESERVA EXTRATIVISTA MAE GRANDE DE CURUÇA
2019;0,02;FLORESTA ESTADUAL DE RENDIMENTO SUSTENTADO GAVIÃO
2019;1,94;RESERVA EXTRATIVISTA ALTO TARAUACÁ
2019;0,61;RESERVA DE DESENVOLVIMENTO SUSTENTÁVEL AMANÃ
2019;0,09;RESERVA EXTRATIVISTA AQUARIQUARA
2019;0,87;FLORESTA NACIONAL DE JACUNDÁ
2019;9,07;FLORESTA NACIONAL DO AMANÁ
2019;0,00;PARQUE ESTADUAL TUCUMÃ
2019;1,34;FLORESTA NACIONAL DE ITAITUBA I
2019;0,59;FLORESTA ESTADUAL DO TROMBETAS
2019;0,27;RESERVA EXTRATIVISTA MÉDIO JURUÁ
2019;1,11;ÁREA DE PROTEÇÃO AMBIENTAL MARGEM ESQUERDA DO RIO NEGRO-SETOR ATURIÁ-APUAUZINHO
2019;1,30;FLORESTA NACIONAL DE CAXIUANÃ
2019;0,09;RESERVA EXTRATIVISTA MARACANÃ
2019;0,54;ESTAçãO ECOLóGICA ALTO MAUéS
2019;0,28;PARQUE NACIONAL MONTANHAS DO TUMUCUMAQUE
2019;0,10;RESERVA EXTRATIVISTA DO CIRIÁCO
2019;0,60;FLORESTA NACIONAL DO JAMARI
2019;0,69;FLORESTA NACIONAL DE SANTA ROSA DO PURUS
2019;0,10;RESERVA EXTRATIVISTA MATA GRANDE
2019;3,26;FLORESTA NACIONAL DE TAPIRAPÉ-AQUIRI
2019;0,65;RESERVA DE DESENVOLVIMENTO SUSTENTÁVEL DO UATUMÃ
2019;0,14;FLORESTA ESTADUAL DE RENDIMENTO SUSTENTADO TUCANO
2019;1,83;FLORESTA NACIONAL DE TEFÉ
2019;0,23;FLORESTA NACIONAL DE MAPIÁ-INAUINÍ
2019;0,17;RESERVA DE DESENVOLVIMENTO SUSTENTAVEL DO RIO MADEIRA
2019;22,53;RESERVA EXTRATIVISTA RIO PRETO-JACUNDÁ
2019;0,75;PARQUE NACIONAL MAPINGUARI
2019;0,35;PARQUE NACIONAL DO MONTE RORAIMA
2018;0,50;RESERVA DE DESENVOLVIMENTO SUSTENTÁVEL DO RIO NEGRO
2018;332,09;ÁREA DE PROTEÇÃO AMBIENTAL TRIUNFO DO XINGU
2018;12,67;ESTAÇÃO ECOLÓGICA DA TERRA DO MEIO
2018;2,10;FLORESTA NACIONAL DO CREPORI
2018;0,02;PARQUE ESTADUAL SERRA DOS REIS
2018;3,30;FLORESTA NACIONAL DE SARACÁ-TAQUERA
2018;0,04;RESERVA BIOLÓGICA DO GUAPORÉ
2018;0,13;RESERVA EXTRATIVISTA MARINHA MESTRE LUCINDO
2018;0,01;ÁREA DE PROTEÇÃO AMBIENTAL DE ALTER DO CHÃO
2018;0,97;ÁREA DE PROTEçãO AMBIENTAL DA BAIXADA MARANHENSE
2018;6,30;RESERVA EXTRATIVISTA VERDE PARA SEMPRE
2018;0,23;FLORESTA ESTADUAL DE TAPAUÁ
2018;2,56;RESERVA EXTRATIVISTA ALTO JURUÁ
2018;0,15;RESERVA DE DESENVOLVIMENTO SUSTENTÁVEL CANUMÃ
2018;2,08;FLORESTA NACIONAL DO ARIPUANÃ
2018;2,55;RESERVA EXTRATIVISTA RIO CAJARI
2018;10,53;"FLORESTA ESTADUAL DE RENDIMENTO SUSTENTADO DO RIO MADEIRA ""B"""
2018;0,00;RESERVA EXTRATIVISTA ROXINHO
2018;0,07;RESERVA EXTRATIVISTA BAIXO RIO BRANCO JAUAPERI
2018;0,46;ÁREA DE PROTEÇÃO AMBIENTAL PAYTUNA
2018;3,97;RESERVA EXTRATIVISTA DO CAZUMBÁ-IRACEMA
2018;0,94;RESERVA EXTRATIVISTA RENASCER
2018;0,07;PARQUE ESTADUAL DO SíTIO DO RANGEDOR
2018;16,88;ÁREA DE PROTEÇÃO AMBIENTAL DO LAGO DE TUCURUI
2018;0,07;FLORESTA NACIONAL DO TRAIRÃO
2018;1,07;RESERVA EXTRATIVISTA CATUÁ-IPIXUNA
2018;3,68;RESERVA BIOLÓGICA DO GURUPI
2018;0,07;RESERVA DE DESENVOLVIMENTO SUSTENTáVEL CAMPO DAS MANGABAS
2018;0,40;ÁREA DE PROTEÇÃO AMBIENTAL MARGEM ESQUERDA DO RIO NEGRO-SETOR TARUMÃ AÇU-TARUMÃ MIRIMA
2018;0,13;FLORESTA NACIONAL DE TAPAJÓS
2018;0,08;RESERVA EXTRATIVISTA DO RIO UNINI
2018;0,00;ESTAçãO ECOLóGICA DO RIO RONURO
2018;90,78;RESERVA EXTRATIVISTA JACI-PARANÁ
2018;2,52;ÁREA DE PROTEÇÃO AMBIENTAL DE PRESIDENTE FIGUEIREDO - CAVERNA DO MOROAGA
2018;0,27;PARQUE NACIONAL DOS CAMPOS FERRUGINOSOS
2018;0,27;RESERVA DE DESENVOLVIMENTO SUSTENTÁVEL UACARÍ
2018;0,57;PARQUE NACIONAL DA SERRA DO PARDO
2018;3,20;RESERVA EXTRATIVISTA ARAPIXI
2018;0,11;ÁREA DE PROTEÇÃO AMBIENTAL DOS CAMPOS DE MANICORÉ
2018;1,41;RESERVA EXTRATIVISTA IPÊ
2018;0,84;RESERVA EXTRATIVISTA DO MéDIO PURúS
2018;14,96;FLORESTA NACIONAL DE ITAITUBA II
2018;0,07;RESERVA EXTRATIVISTA DO RIO GREGÓRIO
2018;0,20;FLORESTA ESTADUAL MAÚES
2018;0,36;FLORESTA NACIONAL DE ITACAIUNAS
2018;0,00;FLORESTA ESTADUAL DE RENDIMENTO SUSTENTADO PERIQUITO
2018;0,18;PARQUE NACIONAL MAPINGUARI
2018;0,40;RESERVA EXTRATIVISTA BAIXO JURUÁ
2018;9,55;FLORESTA NACIONAL ALTAMIRA
2018;7,35;RESERVA EXTRATIVISTA GUARIBA-ROOSEVELT
2018;1,45;ÁREA DE PROTEÇÃO AMBIENTAL MARGEM DIREITA DO RIO NEGRO- SETOR PADUARI-SOLIMÕES
2018;0,09;PARQUE NACIONAL DO JURUENA
2018;4,55;FLORESTA ESTADUAL DO PARU
2018;0,30;PARQUE NACIONAL DA AMAZÔNIA
2018;0,10;RESERVA EXTRATIVISTA RIO CAUTÁRIO
2018;0,00;RESERVA EXTRATIVISTA CASTANHEIRA
2018;0,66;RESERVA EXTRATIVISTA TAPAJÓS ARAPIUNS
2018;0,08;ÁREA DE PROTEÇÃO AMBIENTAL LAGO DO AMAPÁ
2018;72,85;FLORESTA NACIONAL DO JAMANXIM
2018;2,34;ÁREA DE PROTEÇÃO AMBIENTAL ILHA DO BANANAL/CANTÃO
2018;0,15;RESERVA DE DESENVOLVIMENTO SUSTENTÁVEL PUCURUÍ - ARARÃO
2018;0,37;PARQUE NACIONAL DOS CAMPOS AMAZÔNICOS
2018;0,36;RESERVA DE DESENVOLVIMENTO SUSTENTÁVEL PIAGAÇU PURUS
2018;0,08;RESERVA EXTRATIVISTA AUATÍ-PARANÁ
2018;2,62;FLORESTA ESTADUAL DO AMAPÁ
2018;3,96;RESERVA BIOLÓGICA NASCENTES SERRA DO CACHIMBO
2018;0,97;ÁREA DE PROTEÇÃO AMBIENTAL DO ARQUIPÉLAGO DO MARAJÓ
2018;0,07;PARQUE ESTADUAL DE MONTE ALEGRE
2018;0,44;RESERVA EXTRATIVISTA ARIÓCA PRUANÃ
2018;0,96;RESERVA EXTRATIVISTA RIOZINHO DA LIBERDADE
2018;0,14;FLORESTA ESTADUAL DE RENDIMENTO SUSTENTADO ARARAS
2018;0,05;RESERVA DE DESENVOLVIMENTO SUSTENTÁVEL ALCOBAÇA
2018;2,98;RESERVA EXTRATIVISTA RIOZINHO DO ANFRÍSIO
2018;0,17;PARQUE NACIONAL DO JAÚ
2018;1,42;PARQUE NACIONAL DO RIO NOVO
2018;1,57;RESERVA EXTRATIVISTA RIO OURO PRETO
2018;0,27;PARQUE NACIONAL DE PACAÁS NOVOS
2018;0,09;RESERVA EXTRATIVISTA MARINHA DE GURUPI-PIRIÁ
2018;15,40;PARQUE ESTADUAL DE GUAJARÁ-MIRIM
2018;0,29;RESERVA DE DESENVOLVIMENTO SUSTENTÁVEL DO JUMA
2018;1,09;FLORESTA ESTADUAL DE IRIRI
2018;1,76;FLORESTA NACIONAL DE BOM FUTURO
2018;0,07;ÁREA DE PROTEçãO AMBIENTAL DA REGIãO DO MARACANã
2018;0,26;RESERVA EXTRATIVISTA GURUPÁ-MELGAÇO
2018;0,00;RESERVA EXTRATIVISTA MARACATIARA
2018;0,61;FLORESTA NACIONAL DO IQUIRI
2018;0,55;ÁREA DE RELEVANTE INTERESSE ECOLÓGICA SERINGAL NOVA ESPERANÇA
2018;38,99;ÁREA DE PROTEÇÃO AMBIENTAL DO TAPAJÓS
2018;0,31;RESERVA EXTRATIVISTA ITUXí
2018;0,66;FLORESTA NACIONAL DE PURUS
2018;1,55;FLORESTA NACIONAL DE URUPADI
2018;3,87;FLORESTA ESTADUAL DE RENDIMENTO SUSTENTADO MUTUM
2018;0,07;PARQUE NACIONAL DO ACARI
2018;0,19;FLORESTA NACIONAL DE BALATA-TUFARI
2018;21,12;RESERVA EXTRATIVISTA CHICO MENDES
2018;0,26;ÁREA DE PROTEÇÃO AMBIENTAL  TAPURUQUARA
2018;0,23;RESERVA EXTRATIVISTA IPAÚ-ANILZINHO
2018;0,61;PARQUE NACIONAL DA SERRA DO DIVISOR
2018;0,17;PARQUE NACIONAL DO PICO DA NEBLINA
2018;0,20;RESERVA DE DESENVOLVIMENTO SUSTENTÁVEL MAMIRAUÁ
2018;2,80;PARQUE NACIONAL DO JAMANXIM
2018;0,01;RESERVA EXTRATIVISTA DO ITAÚBA
2018;3,03;ÁREA DE PROTEçãO AMBIENTAL DE UPAON-AçU / MIRITIBA / ALTO PREGUIçAS
2018;0,11;RESERVA EXTRATIVISTA DO GUARIBA
2018;0,08;AREA DE PROTEÇÃO AMBIENTAL TARUMA/PONTA NEGRA
2018;0,06;RESERVA EXTRATIVISTA RIO PACAÁS NOVOS
2018;0,23;FLORESTA NACIONAL DO AMAZONAS
2018;0,73;FLORESTA ESTADUAL DE FARO
2018;3,95;FLORESTA ESTADUAL DE RENDIMENTO SUSTENTADO RIO VERMELHO (C)
2018;0,10;PARQUE ESTADUAL SERRA DO ARACÁ
2018;2,48;RESERVA EXTRATIVISTA ANGELIM
2018;0,58;ÁREA DE PROTEçãO AMBIENTAL DAS REENTRâNCIAS MARANHENSES
2018;1,79;ÁREA DE PROTEÇÃO AMBIENTAL IGARAPÉ SÃO FRANCISCO
2018;0,16;FLORESTA ESTADUAL CANUTAMA
2018;0,32;PARQUE ESTADUAL SERRA SANTA BÁRBARA
2018;0,02;RESERVA EXTRATIVISTA MAE GRANDE DE CURUÇA
2018;0,09;FLORESTA ESTADUAL DE RENDIMENTO SUSTENTADO GAVIÃO
2018;1,32;RESERVA EXTRATIVISTA ALTO TARAUACÁ
2018;0,91;RESERVA DE DESENVOLVIMENTO SUSTENTÁVEL AMANÃ
2018;0,01;RESERVA EXTRATIVISTA AQUARIQUARA
2018;0,03;FLORESTA NACIONAL DE JACUNDÁ
2018;7,79;FLORESTA NACIONAL DO AMANÁ
2018;0,14;FLORESTA NACIONAL DE ITAITUBA I
2018;0,16;FLORESTA ESTADUAL DO TROMBETAS
2018;0,22;RESERVA EXTRATIVISTA MÉDIO JURUÁ
2018;0,07;ÁREA DE PROTEÇÃO AMBIENTAL MARGEM ESQUERDA DO RIO NEGRO-SETOR ATURIÁ-APUAUZINHO
2018;0,78;FLORESTA NACIONAL DE CAXIUANÃ
2018;0,08;RESERVA EXTRATIVISTA MARACANÃ
2018;0,09;RESERVA EXTRATIVISTA MARINHA DE SOURE
2018;0,46;FLORESTA NACIONAL DO JAMARI
2018;0,19;FLORESTA NACIONAL DE SANTA ROSA DO PURUS
2018;0,06;RESERVA EXTRATIVISTA MATA GRANDE
2018;1,58;FLORESTA NACIONAL DE TAPIRAPÉ-AQUIRI
2018;0,12;RESERVA DE DESENVOLVIMENTO SUSTENTÁVEL DO UATUMÃ
2018;0,13;FLORESTA ESTADUAL DE RENDIMENTO SUSTENTADO TUCANO
2018;2,97;FLORESTA NACIONAL DE TEFÉ
2018;0,16;FLORESTA NACIONAL DE MAPIÁ-INAUINÍ
2018;0,13;RESERVA DE DESENVOLVIMENTO SUSTENTAVEL DO RIO MADEIRA
2018;3,63;RESERVA EXTRATIVISTA RIO PRETO-JACUNDÁ
2018;0,21;PARQUE ESTADUAL DE CORUMBIARA
2018;0,58;FLORESTA NACIONAL DE CARAJÁS
2017;0,31;FLORESTA ESTADUAL DE RENDIMENTO SUSTENTADO ARARAS
2017;2,93;RESERVA EXTRATIVISTA GUARIBA-ROOSEVELT
2017;11,44;ESTAÇÃO ECOLÓGICA DA TERRA DO MEIO
2017;2,18;FLORESTA NACIONAL DO CREPORI
2017;0,00;RESERVA EXTRATIVISTA SÃO JOÃO DA PONTA
2017;3,14;FLORESTA NACIONAL DE SARACÁ-TAQUERA
2017;9,45;ÁREA DE PROTEçãO AMBIENTAL DA BAIXADA MARANHENSE
2017;3,51;RESERVA EXTRATIVISTA VERDE PARA SEMPRE
2017;0,07;FLORESTA ESTADUAL DE TAPAUÁ
2017;0,02;FLORESTA ESTADUAL DE RENDIMENTO SUSTENTADO CEDRO
2017;1,79;RESERVA EXTRATIVISTA ALTO JURUÁ
2017;0,08;RESERVA DE DESENVOLVIMENTO SUSTENTÁVEL CANUMÃ
2017;1,97;FLORESTA NACIONAL DO ARIPUANÃ
2017;1,56;RESERVA EXTRATIVISTA RIO CAJARI
2017;1,21;"FLORESTA ESTADUAL DE RENDIMENTO SUSTENTADO DO RIO MADEIRA ""B"""
2017;0,27;ÁREA DE PROTEÇÃO AMBIENTAL PAYTUNA
2017;1,76;RESERVA EXTRATIVISTA DO CAZUMBÁ-IRACEMA
2017;4,13;RESERVA EXTRATIVISTA RENASCER
2017;14,01;ÁREA DE PROTEÇÃO AMBIENTAL DO LAGO DE TUCURUI
2017;0,89;FLORESTA NACIONAL DO TRAIRÃO
2017;0,40;RESERVA EXTRATIVISTA CATUÁ-IPIXUNA
2017;6,48;RESERVA BIOLÓGICA DO GURUPI
2017;0,37;ÁREA DE PROTEÇÃO AMBIENTAL MARGEM ESQUERDA DO RIO NEGRO-SETOR TARUMÃ AÇU-TARUMÃ MIRIMA
2017;0,34;RESERVA EXTRATIVISTA DO RIO JUTAÍ
2017;0,10;FLORESTA NACIONAL DE TAPAJÓS
2017;144,66;RESERVA EXTRATIVISTA JACI-PARANÁ
2017;0,10;ESTAÇÃO ECOLÓGICA SAMUEL
2017;4,83;ÁREA DE PROTEÇÃO AMBIENTAL DE PRESIDENTE FIGUEIREDO - CAVERNA DO MOROAGA
2017;0,13;PARQUE NACIONAL DOS CAMPOS FERRUGINOSOS
2017;0,14;RESERVA DE DESENVOLVIMENTO SUSTENTÁVEL UACARÍ
2017;0,14;PARQUE NACIONAL DA SERRA DO PARDO
2017;1,31;RESERVA EXTRATIVISTA ARAPIXI
2017;0,08;RESERVA DE DESENVOLVIMENTO SUSTENTAVEL PURANGA CONQUISTA
2017;0,27;ÁREA DE PROTEÇÃO AMBIENTAL DOS CAMPOS DE MANICORÉ
2017;2,37;RESERVA EXTRATIVISTA IPÊ
2017;9,74;FLORESTA NACIONAL DE ITAITUBA II
2017;0,35;RESERVA EXTRATIVISTA DO RIO GREGÓRIO
2017;0,80;FLORESTA ESTADUAL MAÚES
2017;0,50;FLORESTA NACIONAL DE ITACAIUNAS
2017;0,12;FLORESTA ESTADUAL DE RENDIMENTO SUSTENTADO PERIQUITO
2017;0,13;FLORESTA NACIONAL DE PAU-ROSA
2017;3,33;PARQUE NACIONAL MAPINGUARI
2017;0,01;RESERVA EXTRATIVISTA MOGNO
2017;0,95;RESERVA DE DESENVOLVIMENTO SUSTENTÁVEL DO RIO NEGRO
2017;1,14;FLORESTA NACIONAL ALTAMIRA
2017;209,85;ÁREA DE PROTEÇÃO AMBIENTAL TRIUNFO DO XINGU
2017;2,65;ÁREA DE PROTEÇÃO AMBIENTAL MARGEM DIREITA DO RIO NEGRO- SETOR PADUARI-SOLIMÕES
2017;0,09;PARQUE NACIONAL DO JURUENA
2017;8,37;FLORESTA ESTADUAL DO PARU
2017;0,47;PARQUE NACIONAL DA AMAZÔNIA
2017;0,11;RESERVA EXTRATIVISTA RIO CAUTÁRIO
2017;0,47;RESERVA EXTRATIVISTA TAPAJÓS ARAPIUNS
2017;25,09;FLORESTA NACIONAL DO JAMANXIM
2017;2,50;ÁREA DE PROTEÇÃO AMBIENTAL ILHA DO BANANAL/CANTÃO
2017;0,17;RESERVA DE DESENVOLVIMENTO SUSTENTÁVEL PUCURUÍ - ARARÃO
2017;0,40;PARQUE NACIONAL DOS CAMPOS AMAZÔNICOS
2017;0,22;RESERVA DE DESENVOLVIMENTO SUSTENTÁVEL PIAGAÇU PURUS
2017;3,21;FLORESTA ESTADUAL DO AMAPÁ
2017;4,41;RESERVA BIOLÓGICA NASCENTES SERRA DO CACHIMBO
2017;4,53;ÁREA DE PROTEÇÃO AMBIENTAL DO ARQUIPÉLAGO DO MARAJÓ
2017;0,14;FLORESTA NACIONAL DE MACAUÃ
2017;0,07;ESTAÇÃO ECOLÓGICA DE CUNIÃ
2017;0,87;RESERVA EXTRATIVISTA ARIÓCA PRUANÃ
2017;0,25;RESERVA EXTRATIVISTA RIOZINHO DA LIBERDADE
2017;0,17;RESERVA EXTRATIVISTA BAIXO JURUÁ
2017;0,07;RESERVA DE DESENVOLVIMENTO SUSTENTÁVEL ALCOBAÇA
2017;1,74;RESERVA EXTRATIVISTA RIOZINHO DO ANFRÍSIO
2017;0,13;PARQUE NACIONAL DO JAÚ
2017;0,02;ESTAçãO ECOLóGICA DO RIO ROOSEVELT
2017;5,03;PARQUE NACIONAL DO RIO NOVO
2017;0,76;RESERVA EXTRATIVISTA RIO OURO PRETO
2017;0,07;ÁREA DE PROTEÇÃO AMBIENTAL MEANDROS DO ARAGUAIA
2017;2,89;PARQUE NACIONAL DE PACAÁS NOVOS
2017;22,80;PARQUE ESTADUAL DE GUAJARÁ-MIRIM
2017;0,26;RESERVA DE DESENVOLVIMENTO SUSTENTÁVEL DO JUMA
2017;0,06;FLORESTA ESTADUAL DE IRIRI
2017;5,92;FLORESTA NACIONAL DE BOM FUTURO
2017;0,21;RESERVA EXTRATIVISTA GURUPÁ-MELGAÇO
2017;0,00;RESERVA EXTRATIVISTA MARACATIARA
2017;0,22;FLORESTA NACIONAL DO IQUIRI
2017;0,02;REFúGIO DE VIDA SILVESTRE METRóPOLE DA AMAZôNIA
2017;0,61;ÁREA DE RELEVANTE INTERESSE ECOLÓGICA SERINGAL NOVA ESPERANÇA
2017;0,00;RESERVA EXTRATIVISTA MARINHA MOCAPAJUBA
2017;0,02;FLORESTA NACIONAL DE MULATA
2017;32,20;ÁREA DE PROTEÇÃO AMBIENTAL DO TAPAJÓS
2017;0,00;PARQUE ESTADUAL IGARAPÉS DO JURUENA
2017;0,17;RESERVA EXTRATIVISTA ITUXí
2017;0,24;FLORESTA NACIONAL DE BALATA-TUFARI
2017;0,78;FLORESTA NACIONAL DE URUPADI
2017;5,80;FLORESTA ESTADUAL DE RENDIMENTO SUSTENTADO MUTUM
2017;0,14;RESERVA EXTRATIVISTA MARINHA CAETÉTAPERAÇU
2017;0,14;PARQUE NACIONAL DO ACARI
2017;0,38;FLORESTA NACIONAL DE CARAJÁS
2017;20,01;RESERVA EXTRATIVISTA CHICO MENDES
2017;0,23;ÁREA DE PROTEÇÃO AMBIENTAL  TAPURUQUARA
2017;0,45;RESERVA EXTRATIVISTA IPAÚ-ANILZINHO
2017;0,36;PARQUE NACIONAL DA SERRA DO DIVISOR
2017;0,28;PARQUE NACIONAL DO PICO DA NEBLINA
2017;0,20;PARQUE NACIONAL DO JAMANXIM
2017;3,96;ÁREA DE PROTEçãO AMBIENTAL DE UPAON-AçU / MIRITIBA / ALTO PREGUIçAS
2017;0,10;AREA DE PROTEÇÃO AMBIENTAL TARUMA/PONTA NEGRA
2017;0,07;FLORESTA NACIONAL DO AMAZONAS
2017;0,49;FLORESTA ESTADUAL DE RENDIMENTO SUSTENTADO DO RIO MACHADO
2017;0,78;FLORESTA ESTADUAL DE FARO
2017;0,07;PARQUE ESTADUAL SERRA DO ARACÁ
2017;6,35;RESERVA EXTRATIVISTA ANGELIM
2017;2,61;ÁREA DE PROTEçãO AMBIENTAL DAS REENTRâNCIAS MARANHENSES
2017;0,84;ÁREA DE PROTEÇÃO AMBIENTAL IGARAPÉ SÃO FRANCISCO
2017;0,13;PARQUE ESTADUAL SERRA SANTA BÁRBARA
2017;0,40;FLORESTA ESTADUAL DE RENDIMENTO SUSTENTADO GAVIÃO
2017;0,16;RESERVA EXTRATIVISTA ALTO TARAUACÁ
2017;0,98;RESERVA DE DESENVOLVIMENTO SUSTENTÁVEL AMANÃ
2017;0,04;RESERVA EXTRATIVISTA AQUARIQUARA
2017;0,02;RESERVA EXTRATIVISTA JATOBÁ
2017;5,94;FLORESTA NACIONAL DO AMANÁ
2017;0,46;FLORESTA NACIONAL DE ITAITUBA I
2017;0,11;FLORESTA ESTADUAL DO TROMBETAS
2017;0,17;RESERVA EXTRATIVISTA MÉDIO JURUÁ
2017;0,52;ÁREA DE PROTEÇÃO AMBIENTAL MARGEM ESQUERDA DO RIO NEGRO-SETOR ATURIÁ-APUAUZINHO
2017;0,37;FLORESTA NACIONAL DE CAXIUANÃ
2017;0,09;PARQUE NACIONAL MONTANHAS DO TUMUCUMAQUE
2017;0,10;RESERVA EXTRATIVISTA MARINHA DE SOURE
2017;0,17;FLORESTA NACIONAL DO JAMARI
2017;0,37;FLORESTA NACIONAL DE SANTA ROSA DO PURUS
2017;0,10;RESERVA EXTRATIVISTA MATA GRANDE
2017;1,77;FLORESTA NACIONAL DE TAPIRAPÉ-AQUIRI
2017;0,59;RESERVA DE DESENVOLVIMENTO SUSTENTÁVEL DO UATUMÃ
2017;0,23;FLORESTA ESTADUAL DE RENDIMENTO SUSTENTADO TUCANO
2017;2,64;FLORESTA NACIONAL DE TEFÉ
2017;0,07;FLORESTA NACIONAL DE MAPIÁ-INAUINÍ
2017;11,48;RESERVA EXTRATIVISTA RIO PRETO-JACUNDÁ
2017;0,45;FLORESTA NACIONAL DE PURUS
2016;1,31;FLORESTA NACIONAL DE TAPIRAPÉ-AQUIRI
2016;0,48;FLORESTA ESTADUAL DE RENDIMENTO SUSTENTADO TUCANO
2016;8,53;ESTAÇÃO ECOLÓGICA DA TERRA DO MEIO
2016;1,63;FLORESTA NACIONAL DO CREPORI
2016;0,00;RESERVA EXTRATIVISTA SÃO JOÃO DA PONTA
2016;3,77;FLORESTA NACIONAL DE SARACÁ-TAQUERA
2016;0,01;RESERVA BIOLÓGICA DO GUAPORÉ
2016;0,13;ÁREA DE PROTEÇÃO AMBIENTAL DE ALTER DO CHÃO
2016;2,99;ÁREA DE PROTEçãO AMBIENTAL DA BAIXADA MARANHENSE
2016;2,64;RESERVA EXTRATIVISTA VERDE PARA SEMPRE
2016;0,07;FLORESTA ESTADUAL DE TAPAUÁ
2016;1,66;RESERVA EXTRATIVISTA ALTO JURUÁ
2016;0,08;RESERVA DE DESENVOLVIMENTO SUSTENTÁVEL CANUMÃ
2016;0,01;ÁREA DE PROTEÇÃO AMBIENTAL DO IGARAPÉ GELADO
2016;0,38;FLORESTA NACIONAL DO ARIPUANÃ
2016;1,90;RESERVA EXTRATIVISTA RIO CAJARI
2016;0,94;"FLORESTA ESTADUAL DE RENDIMENTO SUSTENTADO DO RIO MADEIRA ""B"""
2016;1,28;ÁREA DE PROTEÇÃO AMBIENTAL PAYTUNA
2016;2,43;RESERVA EXTRATIVISTA DO CAZUMBÁ-IRACEMA
2016;1,91;RESERVA EXTRATIVISTA RENASCER
2016;19,93;ÁREA DE PROTEÇÃO AMBIENTAL DO LAGO DE TUCURUI
2016;0,43;RESERVA EXTRATIVISTA TERRA GRANDE PRACUUBA
2016;0,08;PARQUE ESTADUAL DO MATUPIRI
2016;0,00;RESERVA EXTRATIVISTA PIQUIÁ
2016;4,60;RESERVA BIOLÓGICA DO GURUPI
2016;0,08;ÁREA DE PROTEÇÃO AMBIENTAL MARGEM ESQUERDA DO RIO NEGRO-SETOR TARUMÃ AÇU-TARUMÃ MIRIMA
2016;0,13;FLORESTA NACIONAL DE TAPAJÓS
2016;114,64;RESERVA EXTRATIVISTA JACI-PARANÁ
2016;3,79;ÁREA DE PROTEÇÃO AMBIENTAL DE PRESIDENTE FIGUEIREDO - CAVERNA DO MOROAGA
2016;1,04;PARQUE NACIONAL DOS CAMPOS FERRUGINOSOS
2016;0,25;RESERVA DE DESENVOLVIMENTO SUSTENTÁVEL UACARÍ
2016;0,00;PARQUE NACIONAL DA SERRA DO PARDO
2016;0,09;ÁREA DE PROTEÇÃO AMBIENTAL NHAMUNDÁ
2016;0,48;RESERVA EXTRATIVISTA ARAPIXI
2016;0,13;RESERVA BIOLÓGICA DO RIO TROMBETAS
2016;0,12;ÁREA DE PROTEÇÃO AMBIENTAL DOS CAMPOS DE MANICORÉ
2016;1,92;RESERVA EXTRATIVISTA DO MéDIO PURúS
2016;3,85;FLORESTA NACIONAL DE ITAITUBA II
2016;0,17;RESERVA EXTRATIVISTA DO RIO GREGÓRIO
2016;0,21;RESERVA EXTRATIVISTA MAPUÁ
2016;0,47;FLORESTA ESTADUAL MAÚES
2016;0,40;PARQUE ESTADUAL SERRA RICARDO FRANCO
2016;0,53;FLORESTA NACIONAL DE ITACAIUNAS
2016;0,07;FLORESTA ESTADUAL DE RENDIMENTO SUSTENTADO PERIQUITO
2016;0,45;PARQUE NACIONAL MAPINGUARI
2016;0,27;RESERVA DE DESENVOLVIMENTO SUSTENTÁVEL DO RIO NEGRO
2016;6,85;FLORESTA NACIONAL ALTAMIRA
2016;3,05;RESERVA EXTRATIVISTA GUARIBA-ROOSEVELT
2016;2,16;ÁREA DE PROTEÇÃO AMBIENTAL MARGEM DIREITA DO RIO NEGRO- SETOR PADUARI-SOLIMÕES
2016;0,08;PARQUE NACIONAL DO JURUENA
2016;7,73;FLORESTA ESTADUAL DO PARU
2016;1,12;PARQUE NACIONAL DA AMAZÔNIA
2016;0,01;RESERVA EXTRATIVISTA RIO CAUTÁRIO
2016;0,08;RESERVA EXTRATIVISTA CASTANHEIRA
2016;0,31;RESERVA EXTRATIVISTA TAPAJÓS ARAPIUNS
2016;0,07;ÁREA DE PROTEÇÃO AMBIENTAL LAGO DO AMAPÁ
2016;73,06;FLORESTA NACIONAL DO JAMANXIM
2016;16,99;ÁREA DE PROTEÇÃO AMBIENTAL ILHA DO BANANAL/CANTÃO
2016;0,65;ÁREA DE PROTEÇÃO AMBIENTAL DE SÃO GERALDO DO ARAGUAIA
2016;0,11;RESERVA DE DESENVOLVIMENTO SUSTENTÁVEL PUCURUÍ - ARARÃO
2016;0,02;PARQUE NACIONAL DOS CAMPOS AMAZÔNICOS
2016;0,46;RESERVA DE DESENVOLVIMENTO SUSTENTÁVEL PIAGAÇU PURUS
2016;0,10;RESERVA BIOLÓGICA DO ABUFARI
2016;1,07;FLORESTA ESTADUAL DO AMAPÁ
2016;10,16;RESERVA BIOLÓGICA NASCENTES SERRA DO CACHIMBO
2016;2,96;ÁREA DE PROTEÇÃO AMBIENTAL DO ARQUIPÉLAGO DO MARAJÓ
2016;0,09;ESTAÇÃO ECOLÓGICA DE CUNIÃ
2016;0,86;RESERVA EXTRATIVISTA ARIÓCA PRUANÃ
2016;1,15;RESERVA EXTRATIVISTA RIOZINHO DA LIBERDADE
2016;0,30;FLORESTA ESTADUAL DE RENDIMENTO SUSTENTADO ARARAS
2016;0,12;RESERVA DE DESENVOLVIMENTO SUSTENTÁVEL ALCOBAÇA
2016;1,21;RESERVA EXTRATIVISTA RIOZINHO DO ANFRÍSIO
2016;0,16;PARQUE NACIONAL DO JAÚ
2016;0,11;ÁREA DE PROTEÇÃO AMBIENTAL LAGO DE SANTA ISABEL
2016;3,00;PARQUE NACIONAL DO RIO NOVO
2016;1,69;RESERVA EXTRATIVISTA RIO OURO PRETO
2016;0,06;ÁREA DE PROTEÇÃO AMBIENTAL MEANDROS DO ARAGUAIA
2016;0,19;PARQUE NACIONAL DE PACAÁS NOVOS
2016;0,01;RESERVA EXTRATIVISTA MARINHA DE GURUPI-PIRIÁ
2016;13,62;PARQUE ESTADUAL DE GUAJARÁ-MIRIM
2016;0,13;RESERVA DE DESENVOLVIMENTO SUSTENTÁVEL DO JUMA
2016;0,26;FLORESTA ESTADUAL DE IRIRI
2016;1,31;FLORESTA NACIONAL DE BOM FUTURO
2016;0,12;RESERVA EXTRATIVISTA MARACATIARA
2016;0,49;FLORESTA NACIONAL DO IQUIRI
2016;0,13;RESERVA EXTRATIVISTA RIO XINGU
2016;0,11;REFúGIO DE VIDA SILVESTRE METRóPOLE DA AMAZôNIA
2016;0,78;ÁREA DE RELEVANTE INTERESSE ECOLÓGICA SERINGAL NOVA ESPERANÇA
2016;0,04;FLORESTA NACIONAL DE MULATA
2016;0,13;ÁREA DE PROTEÇÃO AMBIENTAL DO RIO MADEIRA
2016;31,33;ÁREA DE PROTEÇÃO AMBIENTAL DO TAPAJÓS
2016;0,21;PARQUE ESTADUAL CRISTALINO
2016;0,12;RESERVA EXTRATIVISTA CANUTAMA
2016;0,28;RESERVA EXTRATIVISTA ITUXí
2016;0,08;FLORESTA NACIONAL DE PURUS
2016;0,23;FLORESTA NACIONAL DE URUPADI
2016;0,07;ÁREA DE PROTEÇÃO AMBIENTAL - BAIXO RIO BRANCO
2016;5,28;FLORESTA ESTADUAL DE RENDIMENTO SUSTENTADO MUTUM
2016;0,74;FLORESTA NACIONAL DE CARAJÁS
2016;29,48;RESERVA EXTRATIVISTA CHICO MENDES
2016;0,21;ÁREA DE PROTEÇÃO AMBIENTAL  TAPURUQUARA
2016;0,73;RESERVA EXTRATIVISTA IPAÚ-ANILZINHO
2016;1,02;PARQUE NACIONAL DA SERRA DO DIVISOR
2016;0,16;PARQUE NACIONAL DO PICO DA NEBLINA
2016;2,30;PARQUE NACIONAL DO JAMANXIM
2016;2,97;ÁREA DE PROTEçãO AMBIENTAL DE UPAON-AçU / MIRITIBA / ALTO PREGUIçAS
2016;1,55;FLORESTA NACIONAL DE RORAIMA
2016;0,07;AREA DE PROTEÇÃO AMBIENTAL TARUMA/PONTA NEGRA
2016;0,30;FLORESTA NACIONAL DO AMAZONAS
2016;0,45;FLORESTA ESTADUAL DE RENDIMENTO SUSTENTADO DO RIO MACHADO
2016;0,65;FLORESTA ESTADUAL DE FARO
2016;0,53;PARQUE ESTADUAL SERRA DO ARACÁ
2016;1,60;RESERVA EXTRATIVISTA ANGELIM
2016;0,30;ÁREA DE PROTEçãO AMBIENTAL DAS REENTRâNCIAS MARANHENSES
2016;1,90;ÁREA DE PROTEÇÃO AMBIENTAL IGARAPÉ SÃO FRANCISCO
2016;0,17;PARQUE ESTADUAL SERRA SANTA BÁRBARA
2016;0,01;RESERVA EXTRATIVISTA MAE GRANDE DE CURUÇA
2016;0,02;FLORESTA ESTADUAL DE RENDIMENTO SUSTENTADO GAVIÃO
2016;0,32;RESERVA EXTRATIVISTA ALTO TARAUACÁ
2016;1,53;RESERVA DE DESENVOLVIMENTO SUSTENTÁVEL AMANÃ
2016;0,22;RESERVA EXTRATIVISTA AQUARIQUARA
2016;0,16;FLORESTA NACIONAL DE JACUNDÁ
2016;0,07;PARQUE ESTADUAL DA SERRA DOS MARTÍRIOS/ANDORINHAS
2016;4,54;FLORESTA NACIONAL DO AMANÁ
2016;0,49;FLORESTA NACIONAL DE ITAITUBA I
2016;0,29;FLORESTA ESTADUAL DO TROMBETAS
2016;0,35;RESERVA EXTRATIVISTA MÉDIO JURUÁ
2016;0,45;ÁREA DE PROTEÇÃO AMBIENTAL MARGEM ESQUERDA DO RIO NEGRO-SETOR ATURIÁ-APUAUZINHO
2016;0,18;FLORESTA NACIONAL DE CAXIUANÃ
2016;0,00;RESERVA EXTRATIVISTA MARACANÃ
2016;0,06;RESERVA EXTRATIVISTA DO LAGO DO CAPANÃ GRANDE
2016;0,09;FLORESTA NACIONAL DE SANTA ROSA DO PURUS
2016;0,08;RESERVA EXTRATIVISTA MATA GRANDE
2016;0,11;RESERVA EXTRATIVISTA BAIXO JURUÁ
2016;422,11;ÁREA DE PROTEÇÃO AMBIENTAL TRIUNFO DO XINGU
2016;2,92;FLORESTA NACIONAL DE TEFÉ
2016;0,14;RESERVA DE DESENVOLVIMENTO SUSTENTAVEL DO RIO MADEIRA
2016;9,39;RESERVA EXTRATIVISTA RIO PRETO-JACUNDÁ
2016;0,11;PARQUE ESTADUAL DE CORUMBIARA
2016;0,36;FLORESTA NACIONAL DE BALATA-TUFARI
2015;0,04;RESERVA EXTRATIVISTA MARINHA CUINARANA
2015;176,75;ÁREA DE PROTEÇÃO AMBIENTAL TRIUNFO DO XINGU
2015;3,13;ESTAÇÃO ECOLÓGICA DA TERRA DO MEIO
2015;0,74;FLORESTA NACIONAL DO CREPORI
2015;0,09;PARQUE ESTADUAL SERRA DOS REIS
2015;4,98;FLORESTA NACIONAL DE SARACÁ-TAQUERA
2015;0,40;RESERVA EXTRATIVISTA MARINHA MESTRE LUCINDO
2015;0,14;ÁREA DE PROTEÇÃO AMBIENTAL DE ALTER DO CHÃO
2015;0,91;ÁREA DE PROTEçãO AMBIENTAL DA BAIXADA MARANHENSE
2015;4,91;RESERVA EXTRATIVISTA VERDE PARA SEMPRE
2015;0,18;RESERVA EXTRATIVISTA ALTO JURUÁ
2015;0,06;RESERVA DE DESENVOLVIMENTO SUSTENTÁVEL CANUMÃ
2015;0,28;ÁREA DE PROTEÇÃO AMBIENTAL DAS CABECEIRAS DO RIO CUIABÁ
2015;0,31;FLORESTA NACIONAL DO ARIPUANÃ
2015;1,23;RESERVA EXTRATIVISTA RIO CAJARI
2015;0,52;"FLORESTA ESTADUAL DE RENDIMENTO SUSTENTADO DO RIO MADEIRA ""B"""
2015;0,25;ÁREA DE PROTEÇÃO AMBIENTAL PAYTUNA
2015;0,54;RESERVA EXTRATIVISTA DO CAZUMBÁ-IRACEMA
2015;4,77;RESERVA EXTRATIVISTA RENASCER
2015;27,86;ÁREA DE PROTEÇÃO AMBIENTAL DO LAGO DE TUCURUI
2015;0,07;FLORESTA NACIONAL DO TRAIRÃO
2015;0,15;AREA DE PROTECAO AMBIENTAL XERIUINI
2015;0,08;RESERVA EXTRATIVISTA PIQUIÁ
2015;0,16;RESERVA EXTRATIVISTA CATUÁ-IPIXUNA
2015;5,79;RESERVA BIOLÓGICA DO GURUPI
2015;0,07;RESERVA EXTRATIVISTA DO RIO JUTAÍ
2015;0,18;FLORESTA NACIONAL DE TAPAJÓS
2015;92,47;RESERVA EXTRATIVISTA JACI-PARANÁ
2015;4,82;ÁREA DE PROTEÇÃO AMBIENTAL DE PRESIDENTE FIGUEIREDO - CAVERNA DO MOROAGA
2015;0,02;PARQUE NACIONAL DOS CAMPOS FERRUGINOSOS
2015;0,13;RESERVA DE DESENVOLVIMENTO SUSTENTÁVEL UACARÍ
2015;0,13;RESERVA BIOLÓGICA DO JARU
2015;0,10;RESERVA EXTRATIVISTA ARAPIXI
2015;0,07;RESERVA EXTRATIVISTA DO MéDIO PURúS
2015;2,92;FLORESTA NACIONAL DE ITAITUBA II
2015;0,09;FLORESTA ESTADUAL MAÚES
2015;0,11;PARQUE ESTADUAL SERRA RICARDO FRANCO
2015;0,18;FLORESTA NACIONAL DE ITACAIUNAS
2015;0,41;PARQUE NACIONAL MAPINGUARI
2015;1,28;RESERVA DE DESENVOLVIMENTO SUSTENTÁVEL DO RIO NEGRO
2015;0,37;FLORESTA NACIONAL ALTAMIRA
2015;2,43;RESERVA EXTRATIVISTA GUARIBA-ROOSEVELT
2015;0,09;RESERVA EXTRATIVISTA BAIXO JURUÁ
2015;2,82;ÁREA DE PROTEÇÃO AMBIENTAL MARGEM DIREITA DO RIO NEGRO- SETOR PADUARI-SOLIMÕES
2015;0,04;PARQUE NACIONAL DO JURUENA
2015;3,94;FLORESTA ESTADUAL DO PARU
2015;0,18;PARQUE NACIONAL DA AMAZÔNIA
2015;0,07;RESERVA EXTRATIVISTA RIO CAUTÁRIO
2015;0,00;RESERVA EXTRATIVISTA CASTANHEIRA
2015;0,46;RESERVA EXTRATIVISTA TAPAJÓS ARAPIUNS
2015;92,52;FLORESTA NACIONAL DO JAMANXIM
2015;16,86;ÁREA DE PROTEÇÃO AMBIENTAL ILHA DO BANANAL/CANTÃO
2015;0,12;RESERVA DE DESENVOLVIMENTO SUSTENTÁVEL PUCURUÍ - ARARÃO
2015;0,36;PARQUE NACIONAL DOS CAMPOS AMAZÔNICOS
2015;0,64;RESERVA DE DESENVOLVIMENTO SUSTENTÁVEL PIAGAÇU PURUS
2015;0,08;RESERVA EXTRATIVISTA AUATÍ-PARANÁ
2015;3,37;FLORESTA ESTADUAL DO AMAPÁ
2015;19,82;RESERVA BIOLÓGICA NASCENTES SERRA DO CACHIMBO
2015;1,93;ÁREA DE PROTEÇÃO AMBIENTAL DO ARQUIPÉLAGO DO MARAJÓ
2015;0,18;FLORESTA NACIONAL DE MACAUÃ
2015;0,13;RESERVA EXTRATIVISTA ARIÓCA PRUANÃ
2015;0,07;RESERVA EXTRATIVISTA RIOZINHO DA LIBERDADE
2015;0,64;FLORESTA ESTADUAL DE RENDIMENTO SUSTENTADO ARARAS
2015;0,30;RESERVA DE DESENVOLVIMENTO SUSTENTÁVEL ALCOBAÇA
2015;2,01;RESERVA EXTRATIVISTA RIOZINHO DO ANFRÍSIO
2015;0,10;ÁREA DE PROTEÇÃO AMBIENTAL LAGO DE SANTA ISABEL
2015;2,26;ESTAçãO ECOLóGICA DO RIO ROOSEVELT
2015;1,01;PARQUE NACIONAL DO RIO NOVO
2015;2,55;RESERVA EXTRATIVISTA RIO OURO PRETO
2015;0,01;ÁREA DE PROTEÇÃO AMBIENTAL MEANDROS DO ARAGUAIA
2015;0,00;RESERVA EXTRATIVISTA MARINHA ARAI-PEROBA
2015;12,17;PARQUE ESTADUAL DE GUAJARÁ-MIRIM
2015;0,14;FLORESTA ESTADUAL DE IRIRI
2015;0,90;FLORESTA NACIONAL DE BOM FUTURO
2015;0,27;RESERVA BIOLÓGICA DO MANICORÉ
2015;0,03;RESERVA EXTRATIVISTA MARACATIARA
2015;0,75;FLORESTA NACIONAL DO IQUIRI
2015;0,89;ÁREA DE RELEVANTE INTERESSE ECOLÓGICA SERINGAL NOVA ESPERANÇA
2015;34,33;ÁREA DE PROTEÇÃO AMBIENTAL DO TAPAJÓS
2015;0,00;RESERVA EXTRATIVISTA SERINGUEIRA
2015;0,34;RESERVA EXTRATIVISTA ITUXí
2015;0,24;FLORESTA NACIONAL DE PURUS
2015;0,55;FLORESTA NACIONAL DE URUPADI
2015;4,06;FLORESTA ESTADUAL DE RENDIMENTO SUSTENTADO MUTUM
2015;0,07;FLORESTA NACIONAL DE BALATA-TUFARI
2015;15,22;RESERVA EXTRATIVISTA CHICO MENDES
2015;0,28;ÁREA DE PROTEÇÃO AMBIENTAL  TAPURUQUARA
2015;0,35;RESERVA EXTRATIVISTA IPAÚ-ANILZINHO
2015;0,17;PARQUE NACIONAL DA SERRA DO DIVISOR
2015;0,12;PARQUE NACIONAL DO PICO DA NEBLINA
2015;0,06;RESERVA DE DESENVOLVIMENTO SUSTENTÁVEL MAMIRAUÁ
2015;5,86;PARQUE NACIONAL DO JAMANXIM
2015;4,77;ÁREA DE PROTEçãO AMBIENTAL DE UPAON-AçU / MIRITIBA / ALTO PREGUIçAS
2015;0,14;FLORESTA NACIONAL DE RORAIMA
2015;0,29;AREA DE PROTEÇÃO AMBIENTAL TARUMA/PONTA NEGRA
2015;0,07;RESERVA EXTRATIVISTA RIO PACAÁS NOVOS
2015;0,26;FLORESTA NACIONAL DO AMAZONAS
2015;0,65;FLORESTA ESTADUAL DE FARO
2015;0,25;PARQUE ESTADUAL SERRA DO ARACÁ
2015;3,21;RESERVA EXTRATIVISTA ANGELIM
2015;1,54;ÁREA DE PROTEçãO AMBIENTAL DAS REENTRâNCIAS MARANHENSES
2015;0,58;ÁREA DE PROTEÇÃO AMBIENTAL IGARAPÉ SÃO FRANCISCO
2015;0,40;PARQUE ESTADUAL SERRA SANTA BÁRBARA
2015;0,21;FLORESTA ESTADUAL DE RENDIMENTO SUSTENTADO GAVIÃO
2015;0,07;RESERVA EXTRATIVISTA ALTO TARAUACÁ
2015;0,08;RESERVA DE DESENVOLVIMENTO SUSTENTÁVEL AMANÃ
2015;0,13;RESERVA EXTRATIVISTA AQUARIQUARA
2015;2,15;FLORESTA NACIONAL DO AMANÁ
2015;0,02;PARQUE ESTADUAL TUCUMÃ
2015;0,43;FLORESTA NACIONAL DE ITAITUBA I
2015;0,09;FLORESTA ESTADUAL DO TROMBETAS
2015;0,07;RESERVA EXTRATIVISTA MÉDIO JURUÁ
2015;0,15;ÁREA DE PROTEÇÃO AMBIENTAL MARGEM ESQUERDA DO RIO NEGRO-SETOR ATURIÁ-APUAUZINHO
2015;0,09;RESERVA EXTRATIVISTA MARACANÃ
2015;0,07;PARQUE NACIONAL MONTANHAS DO TUMUCUMAQUE
2015;0,04;RESERVA EXTRATIVISTA DO CIRIÁCO
2015;0,31;RESERVA EXTRATIVISTA MARINHA DE SOURE
2015;0,43;RESERVA EXTRATIVISTA MATA GRANDE
2015;0,00;RESERVA EXTRATIVISTA MASSARANDUBA
2015;1,90;FLORESTA NACIONAL DE TAPIRAPÉ-AQUIRI
2015;0,18;RESERVA DE DESENVOLVIMENTO SUSTENTÁVEL DO UATUMÃ
2015;0,12;FLORESTA ESTADUAL DE RENDIMENTO SUSTENTADO TUCANO
2015;0,56;FLORESTA NACIONAL DE TEFÉ
2015;0,45;RESERVA DE DESENVOLVIMENTO SUSTENTAVEL DO RIO MADEIRA
2015;13,17;RESERVA EXTRATIVISTA RIO PRETO-JACUNDÁ
2015;1,38;FLORESTA NACIONAL DE CARAJÁS
2014;0,55;RESERVA EXTRATIVISTA RIO PRETO-JACUNDÁ
2014;120,84;ÁREA DE PROTEÇÃO AMBIENTAL TRIUNFO DO XINGU
2014;1,29;ESTAÇÃO ECOLÓGICA DA TERRA DO MEIO
2014;0,13;FLORESTA NACIONAL DO CREPORI
2014;0,00;RESERVA EXTRATIVISTA SÃO JOÃO DA PONTA
2014;4,74;FLORESTA NACIONAL DE SARACÁ-TAQUERA
2014;0,08;RESERVA EXTRATIVISTA MARINHA MESTRE LUCINDO
2014;0,07;RESERVA EXTRATIVISTA MUNICIPAL BEIJA FLOR BRILHO DE FOGO
2014;0,06;ÁREA DE PROTEÇÃO AMBIENTAL DE ALTER DO CHÃO
2014;5,46;ÁREA DE PROTEçãO AMBIENTAL DA BAIXADA MARANHENSE
2014;7,49;RESERVA EXTRATIVISTA VERDE PARA SEMPRE
2014;0,23;FLORESTA ESTADUAL DE TAPAUÁ
2014;5,85;RESERVA EXTRATIVISTA ALTO JURUÁ
2014;0,11;RESERVA DE DESENVOLVIMENTO SUSTENTÁVEL CANUMÃ
2014;0,46;ÁREA DE PROTEÇÃO AMBIENTAL DAS CABECEIRAS DO RIO CUIABÁ
2014;0,19;FLORESTA NACIONAL DO ARIPUANÃ
2014;2,75;RESERVA EXTRATIVISTA RIO CAJARI
2014;0,30;"FLORESTA ESTADUAL DE RENDIMENTO SUSTENTADO DO RIO MADEIRA ""B"""
2014;0,37;ÁREA DE PROTEÇÃO AMBIENTAL PAYTUNA
2014;1,76;RESERVA EXTRATIVISTA DO CAZUMBÁ-IRACEMA
2014;1,27;RESERVA EXTRATIVISTA RENASCER
2014;7,02;ÁREA DE PROTEÇÃO AMBIENTAL DO LAGO DE TUCURUI
2014;0,49;FLORESTA NACIONAL DO TRAIRÃO
2014;0,02;RESERVA EXTRATIVISTA TERRA GRANDE PRACUUBA
2014;0,04;RESERVA EXTRATIVISTA PIQUIÁ
2014;0,38;RESERVA EXTRATIVISTA CATUÁ-IPIXUNA
2014;0,50;RESERVA BIOLÓGICA DO GURUPI
2014;0,32;ÁREA DE PROTEÇÃO AMBIENTAL MARGEM ESQUERDA DO RIO NEGRO-SETOR TARUMÃ AÇU-TARUMÃ MIRIMA
2014;0,25;RESERVA EXTRATIVISTA DO RIO JUTAÍ
2014;0,21;FLORESTA NACIONAL DE TAPAJÓS
2014;0,40;RESERVA EXTRATIVISTA DO RIO UNINI
2014;66,66;RESERVA EXTRATIVISTA JACI-PARANÁ
2014;3,26;ÁREA DE PROTEÇÃO AMBIENTAL DE PRESIDENTE FIGUEIREDO - CAVERNA DO MOROAGA
2014;0,26;PARQUE NACIONAL DOS CAMPOS FERRUGINOSOS
2014;0,18;RESERVA DE DESENVOLVIMENTO SUSTENTÁVEL UACARÍ
2014;0,47;PARQUE NACIONAL DO CABO ORANGE
2014;0,33;RESERVA EXTRATIVISTA ARAPIXI
2014;0,28;RESERVA EXTRATIVISTA DO MéDIO PURúS
2014;2,80;FLORESTA NACIONAL DE ITAITUBA II
2014;0,07;PARQUE ESTADUAL DO BACANGA
2014;0,23;RESERVA EXTRATIVISTA DO RIO GREGÓRIO
2014;0,43;FLORESTA ESTADUAL MAÚES
2014;0,30;PARQUE ESTADUAL SERRA RICARDO FRANCO
2014;0,06;FLORESTA NACIONAL DE ITACAIUNAS
2014;0,07;FLORESTA NACIONAL DE PAU-ROSA
2014;0,45;PARQUE NACIONAL MAPINGUARI
2014;0,91;RESERVA DE DESENVOLVIMENTO SUSTENTÁVEL DO RIO NEGRO
2014;26,31;FLORESTA NACIONAL ALTAMIRA
2014;0,42;RESERVA EXTRATIVISTA GUARIBA-ROOSEVELT
2014;3,86;ÁREA DE PROTEÇÃO AMBIENTAL MARGEM DIREITA DO RIO NEGRO- SETOR PADUARI-SOLIMÕES
2014;0,02;RESERVA EXTRATIVISTA DA BAíA DO TUBARãO
2014;6,25;FLORESTA ESTADUAL DO PARU
2014;1,34;PARQUE NACIONAL DA AMAZÔNIA
2014;0,13;RESERVA EXTRATIVISTA CASTANHEIRA
2014;0,03;RESERVA EXTRATIVISTA DE CURURUPU
2014;3,79;RESERVA EXTRATIVISTA TAPAJÓS ARAPIUNS
2014;0,10;ÁREA DE PROTEÇÃO AMBIENTAL LAGO DO AMAPÁ
2014;49,45;FLORESTA NACIONAL DO JAMANXIM
2014;7,32;ÁREA DE PROTEÇÃO AMBIENTAL ILHA DO BANANAL/CANTÃO
2014;0,18;ÁREA DE PROTEÇÃO AMBIENTAL DE SÃO GERALDO DO ARAGUAIA
2014;0,77;RESERVA DE DESENVOLVIMENTO SUSTENTÁVEL PIAGAÇU PURUS
2014;0,14;RESERVA BIOLÓGICA DO ABUFARI
2014;3,46;FLORESTA ESTADUAL DO AMAPÁ
2014;4,27;RESERVA BIOLÓGICA NASCENTES SERRA DO CACHIMBO
2014;1,48;ÁREA DE PROTEÇÃO AMBIENTAL DO ARQUIPÉLAGO DO MARAJÓ
2014;0,35;RESERVA EXTRATIVISTA ARIÓCA PRUANÃ
2014;0,38;RESERVA EXTRATIVISTA RIOZINHO DA LIBERDADE
2014;0,32;FLORESTA ESTADUAL DE RENDIMENTO SUSTENTADO ARARAS
2014;0,00;RESERVA DE DESENVOLVIMENTO SUSTENTÁVEL ALCOBAÇA
2014;2,19;RESERVA EXTRATIVISTA RIOZINHO DO ANFRÍSIO
2014;0,27;PARQUE NACIONAL DO JAÚ
2014;0,01;ÁREA DE PROTEÇÃO AMBIENTAL LAGO DE SANTA ISABEL
2014;0,07;ESTAçãO ECOLóGICA DO RIO ROOSEVELT
2014;0,79;PARQUE NACIONAL DO RIO NOVO
2014;2,48;RESERVA EXTRATIVISTA RIO OURO PRETO
2014;3,01;PARQUE ESTADUAL DE GUAJARÁ-MIRIM
2014;0,25;RESERVA DE DESENVOLVIMENTO SUSTENTÁVEL DO JUMA
2014;0,34;FLORESTA ESTADUAL DE IRIRI
2014;1,52;FLORESTA NACIONAL DE BOM FUTURO
2014;0,07;PARQUE NACIONAL DO MONTE RORAIMA
2014;0,50;ÁREA DE PROTEçãO AMBIENTAL DA REGIãO DO MARACANã
2014;0,07;RESERVA EXTRATIVISTA GURUPÁ-MELGAÇO
2014;0,09;FLORESTA NACIONAL DO IQUIRI
2014;0,02;RESERVA EXTRATIVISTA RIO XINGU
2014;1,32;ÁREA DE RELEVANTE INTERESSE ECOLÓGICA SERINGAL NOVA ESPERANÇA
2014;0,09;FLORESTA NACIONAL DE MULATA
2014;0,01;ÁREA DE PROTEÇÃO AMBIENTAL DO RIO MADEIRA
2014;28,48;ÁREA DE PROTEÇÃO AMBIENTAL DO TAPAJÓS
2014;0,08;RESERVA EXTRATIVISTA CANUTAMA
2014;0,14;RESERVA EXTRATIVISTA ITUXí
2014;0,63;FLORESTA NACIONAL DE PURUS
2014;4,61;FLORESTA NACIONAL DE URUPADI
2014;0,06;ÁREA DE PROTEÇÃO AMBIENTAL - BAIXO RIO BRANCO
2014;7,61;FLORESTA ESTADUAL DE RENDIMENTO SUSTENTADO MUTUM
2014;1,09;FLORESTA NACIONAL DE CARAJÁS
2014;22,02;RESERVA EXTRATIVISTA CHICO MENDES
2014;0,62;ÁREA DE PROTEÇÃO AMBIENTAL  TAPURUQUARA
2014;0,09;RESERVA EXTRATIVISTA IPAÚ-ANILZINHO
2014;1,32;PARQUE NACIONAL DA SERRA DO DIVISOR
2014;0,04;PARQUE NACIONAL DO PICO DA NEBLINA
2014;1,93;PARQUE NACIONAL DO JAMANXIM
2014;5,83;ÁREA DE PROTEçãO AMBIENTAL DE UPAON-AçU / MIRITIBA / ALTO PREGUIçAS
2014;0,54;FLORESTA NACIONAL DE RORAIMA
2014;0,21;ÁREA DE PROTEÇÃO AMBIENTAL MUNICIPAL DO ARICÁ-AÇU
2014;0,11;AREA DE PROTEÇÃO AMBIENTAL TARUMA/PONTA NEGRA
2014;0,07;RESERVA EXTRATIVISTA RIO PACAÁS NOVOS
2014;0,19;FLORESTA NACIONAL DO AMAZONAS
2014;0,11;RESERVA EXTRATIVISTA ANGELIM
2014;3,45;ÁREA DE PROTEçãO AMBIENTAL DAS REENTRâNCIAS MARANHENSES
2014;0,42;ÁREA DE PROTEÇÃO AMBIENTAL IGARAPÉ SÃO FRANCISCO
2014;0,09;FLORESTA ESTADUAL DE RENDIMENTO SUSTENTADO GAVIÃO
2014;1,81;RESERVA EXTRATIVISTA ALTO TARAUACÁ
2014;2,09;RESERVA DE DESENVOLVIMENTO SUSTENTÁVEL AMANÃ
2014;0,02;RESERVA EXTRATIVISTA AQUARIQUARA
2014;0,06;FLORESTA NACIONAL DE JACUNDÁ
2014;3,03;FLORESTA NACIONAL DO AMANÁ
2014;0,00;FLORESTA NACIONAL DE ITAITUBA I
2014;0,07;FLORESTA ESTADUAL DO TROMBETAS
2014;0,24;RESERVA EXTRATIVISTA MÉDIO JURUÁ
2014;0,47;ÁREA DE PROTEÇÃO AMBIENTAL MARGEM ESQUERDA DO RIO NEGRO-SETOR ATURIÁ-APUAUZINHO
2014;0,25;FLORESTA NACIONAL DE CAXIUANÃ
2014;0,22;RESERVA EXTRATIVISTA DO CIRIÁCO
2014;0,60;FLORESTA NACIONAL DE SANTA ROSA DO PURUS
2014;0,31;RESERVA EXTRATIVISTA MATA GRANDE
2014;0,01;RESERVA EXTRATIVISTA MASSARANDUBA
2014;1,28;FLORESTA NACIONAL DE TAPIRAPÉ-AQUIRI
2014;0,02;RESERVA DE DESENVOLVIMENTO SUSTENTÁVEL DO UATUMÃ
2014;0,25;FLORESTA ESTADUAL DE RENDIMENTO SUSTENTADO TUCANO
2014;5,69;FLORESTA NACIONAL DE TEFÉ
2014;0,81;FLORESTA NACIONAL DE BALATA-TUFARI
2014;1,18;PARQUE NACIONAL DO ARAGUAIA
2014;0,25;RESERVA DE DESENVOLVIMENTO SUSTENTAVEL DO RIO MADEIRA
2014;0,81;RESERVA EXTRATIVISTA BAIXO JURUÁ
2014;0,00;FLORESTA NACIONAL DE MAPIÁ-INAUINÍ
2013;0,27;ÁREA DE RELEVANTE INTERESSE ECOLÓGICA SERINGAL NOVA ESPERANÇA
2013;84,18;ÁREA DE PROTEÇÃO AMBIENTAL TRIUNFO DO XINGU
2013;0,56;ESTAÇÃO ECOLÓGICA DA TERRA DO MEIO
2013;0,09;FLORESTA NACIONAL DO CREPORI
2013;0,20;PARQUE ESTADUAL SERRA DOS REIS
2013;3,30;FLORESTA NACIONAL DE SARACÁ-TAQUERA
2013;0,11;RESERVA BIOLÓGICA DO GUAPORÉ
2013;0,16;RESERVA EXTRATIVISTA MARINHA MESTRE LUCINDO
2013;0,52;ÁREA DE PROTEÇÃO AMBIENTAL DE ALTER DO CHÃO
2013;11,68;ÁREA DE PROTEçãO AMBIENTAL DA BAIXADA MARANHENSE
2013;2,44;RESERVA EXTRATIVISTA VERDE PARA SEMPRE
2013;0,20;FLORESTA ESTADUAL DE TAPAUÁ
2013;1,53;RESERVA EXTRATIVISTA ALTO JURUÁ
2013;0,11;ÁREA DE PROTEÇÃO AMBIENTAL DO IGARAPÉ GELADO
2013;0,13;ÁREA DE PROTEÇÃO AMBIENTAL DAS CABECEIRAS DO RIO CUIABÁ
2013;0,67;FLORESTA NACIONAL DO ARIPUANÃ
2013;1,10;RESERVA EXTRATIVISTA RIO CAJARI
2013;4,55;"FLORESTA ESTADUAL DE RENDIMENTO SUSTENTADO DO RIO MADEIRA ""B"""
2013;0,09;RESERVA EXTRATIVISTA BAIXO RIO BRANCO JAUAPERI
2013;0,89;ÁREA DE PROTEÇÃO AMBIENTAL PAYTUNA
2013;1,81;RESERVA EXTRATIVISTA DO CAZUMBÁ-IRACEMA
2013;2,34;RESERVA EXTRATIVISTA RENASCER
2013;11,90;ÁREA DE PROTEÇÃO AMBIENTAL DO LAGO DE TUCURUI
2013;0,30;FLORESTA NACIONAL DO TRAIRÃO
2013;0,62;RESERVA EXTRATIVISTA TERRA GRANDE PRACUUBA
2013;0,06;RESERVA BIOLÓGICA MORRO DOS SEIS LAGOS
2013;0,08;RESERVA EXTRATIVISTA CATUÁ-IPIXUNA
2013;6,67;RESERVA BIOLÓGICA DO GURUPI
2013;0,24;RESERVA DE DESENVOLVIMENTO SUSTENTáVEL CAMPO DAS MANGABAS
2013;0,51;ÁREA DE PROTEÇÃO AMBIENTAL MARGEM ESQUERDA DO RIO NEGRO-SETOR TARUMÃ AÇU-TARUMÃ MIRIMA
2013;0,22;RESERVA EXTRATIVISTA DO RIO JUTAÍ
2013;0,16;FLORESTA NACIONAL DE TAPAJÓS
2013;0,14;RESERVA EXTRATIVISTA DO RIO UNINI
2013;4,37;RESERVA EXTRATIVISTA  DO RIO CAUTÁRIO
2013;53,72;RESERVA EXTRATIVISTA JACI-PARANÁ
2013;1,81;ÁREA DE PROTEÇÃO AMBIENTAL DE PRESIDENTE FIGUEIREDO - CAVERNA DO MOROAGA
2013;0,23;RESERVA DE DESENVOLVIMENTO SUSTENTÁVEL UACARÍ
2013;0,10;PARQUE NACIONAL DO CABO ORANGE
2013;0,17;RESERVA EXTRATIVISTA ARAPIXI
2013;0,93;RESERVA EXTRATIVISTA DO MéDIO PURúS
2013;4,21;FLORESTA NACIONAL DE ITAITUBA II
2013;0,42;RESERVA EXTRATIVISTA DO RIO GREGÓRIO
2013;0,33;RESERVA EXTRATIVISTA MAPUÁ
2013;0,36;FLORESTA ESTADUAL MAÚES
2013;0,68;PARQUE ESTADUAL SERRA RICARDO FRANCO
2013;0,31;FLORESTA NACIONAL DE ITACAIUNAS
2013;0,37;FLORESTA ESTADUAL DE RENDIMENTO SUSTENTADO PERIQUITO
2013;0,02;FLORESTA NACIONAL DE PAU-ROSA
2013;3,51;PARQUE NACIONAL MAPINGUARI
2013;0,77;RESERVA DE DESENVOLVIMENTO SUSTENTÁVEL DO RIO NEGRO
2013;24,71;FLORESTA NACIONAL ALTAMIRA
2013;0,76;RESERVA EXTRATIVISTA GUARIBA-ROOSEVELT
2013;0,12;RESERVA EXTRATIVISTA MARINHA CUINARANA
2013;2,28;ÁREA DE PROTEÇÃO AMBIENTAL MARGEM DIREITA DO RIO NEGRO- SETOR PADUARI-SOLIMÕES
2013;0,02;RESERVA EXTRATIVISTA DA BAíA DO TUBARãO
2013;0,36;PARQUE NACIONAL DO JURUENA
2013;0,85;FLORESTA ESTADUAL DO PARU
2013;1,13;PARQUE NACIONAL DA AMAZÔNIA
2013;2,06;RESERVA EXTRATIVISTA RIO CAUTÁRIO
2013;0,69;RESERVA EXTRATIVISTA TAPAJÓS ARAPIUNS
2013;65,06;FLORESTA NACIONAL DO JAMANXIM
2013;32,80;ÁREA DE PROTEÇÃO AMBIENTAL ILHA DO BANANAL/CANTÃO
2013;0,14;ÁREA DE PROTEÇÃO AMBIENTAL DE SÃO GERALDO DO ARAGUAIA
2013;0,09;RESERVA DE DESENVOLVIMENTO SUSTENTÁVEL PUCURUÍ - ARARÃO
2013;1,94;PARQUE NACIONAL DOS CAMPOS AMAZÔNICOS
2013;0,59;RESERVA DE DESENVOLVIMENTO SUSTENTÁVEL PIAGAÇU PURUS
2013;0,11;RESERVA EXTRATIVISTA RIO IRIRI
2013;0,19;RESERVA BIOLÓGICA DO ABUFARI
2013;0,07;RESERVA EXTRATIVISTA AUATÍ-PARANÁ
2013;4,57;FLORESTA ESTADUAL DO AMAPÁ
2013;0,30;RESERVA BIOLÓGICA NASCENTES SERRA DO CACHIMBO
2013;3,05;ÁREA DE PROTEÇÃO AMBIENTAL DO ARQUIPÉLAGO DO MARAJÓ
2013;0,16;ESTAÇÃO ECOLÓGICA DE CUNIÃ
2013;0,57;RESERVA EXTRATIVISTA ARIÓCA PRUANÃ
2013;0,65;RESERVA EXTRATIVISTA RIOZINHO DA LIBERDADE
2013;1,74;FLORESTA ESTADUAL DE RENDIMENTO SUSTENTADO ARARAS
2013;0,37;PARQUE NACIONAL DO JAÚ
2013;0,65;PARQUE NACIONAL DO RIO NOVO
2013;4,29;RESERVA EXTRATIVISTA RIO OURO PRETO
2013;0,01;ÁREA DE PROTEÇÃO AMBIENTAL MEANDROS DO ARAGUAIA
2013;0,30;PARQUE ESTADUAL DE GUAJARÁ-MIRIM
2013;0,21;RESERVA DE DESENVOLVIMENTO SUSTENTÁVEL DO JUMA
2013;1,05;FLORESTA ESTADUAL DE IRIRI
2013;4,57;FLORESTA NACIONAL DE BOM FUTURO
2013;0,10;RESERVA EXTRATIVISTA MARACATIARA
2013;1,36;FLORESTA NACIONAL DO IQUIRI
2013;0,12;RESERVA EXTRATIVISTA RIO XINGU
2013;0,10;RESERVA EXTRATIVISTA BAIXO JURUÁ
2013;0,03;RESERVA BIOLÓGICA DO TAPIRAPÉ
2013;0,02;FLORESTA NACIONAL DE MULATA
2013;32,55;ÁREA DE PROTEÇÃO AMBIENTAL DO TAPAJÓS
2013;0,62;RESERVA EXTRATIVISTA ITUXí
2013;0,22;FLORESTA NACIONAL DE PURUS
2013;0,07;FLORESTA NACIONAL DE URUPADI
2013;0,09;ÁREA DE PROTEÇÃO AMBIENTAL - BAIXO RIO BRANCO
2013;7,63;FLORESTA ESTADUAL DE RENDIMENTO SUSTENTADO MUTUM
2013;0,07;PARQUE NACIONAL DO ACARI
2013;0,20;FLORESTA NACIONAL DE CARAJÁS
2013;10,66;RESERVA EXTRATIVISTA CHICO MENDES
2013;0,59;RESERVA EXTRATIVISTA IPAÚ-ANILZINHO
2013;0,72;PARQUE NACIONAL DA SERRA DO DIVISOR
2013;0,21;PARQUE NACIONAL DO PICO DA NEBLINA
2013;5,29;PARQUE NACIONAL DO JAMANXIM
2013;0,05;RESERVA EXTRATIVISTA DO ITAÚBA
2013;9,36;ÁREA DE PROTEçãO AMBIENTAL DE UPAON-AçU / MIRITIBA / ALTO PREGUIçAS
2013;2,00;FLORESTA NACIONAL DE RORAIMA
2013;0,08;ÁREA DE PROTEÇÃO AMBIENTAL MUNICIPAL DO ARICÁ-AÇU
2013;0,28;AREA DE PROTEÇÃO AMBIENTAL TARUMA/PONTA NEGRA
2013;0,33;RESERVA EXTRATIVISTA RIO PACAÁS NOVOS
2013;0,43;FLORESTA ESTADUAL DE FARO
2013;1,61;RESERVA EXTRATIVISTA ANGELIM
2013;1,04;ÁREA DE PROTEçãO AMBIENTAL DAS REENTRâNCIAS MARANHENSES
2013;0,62;ÁREA DE PROTEÇÃO AMBIENTAL IGARAPÉ SÃO FRANCISCO
2013;0,13;FLORESTA ESTADUAL CANUTAMA
2013;0,99;PARQUE NACIONAL DA SERRA DA CUTIA
2013;0,09;RESERVA EXTRATIVISTA MAE GRANDE DE CURUÇA
2013;0,24;FLORESTA ESTADUAL DE RENDIMENTO SUSTENTADO GAVIÃO
2013;0,10;RESERVA EXTRATIVISTA ALTO TARAUACÁ
2013;0,83;RESERVA DE DESENVOLVIMENTO SUSTENTÁVEL AMANÃ
2013;0,13;RESERVA BIOLÓGICA RIO OURO PRETO
2013;1,00;FLORESTA NACIONAL DO AMANÁ
2013;0,36;FLORESTA NACIONAL DE ITAITUBA I
2013;0,08;FLORESTA ESTADUAL DO TROMBETAS
2013;0,16;RESERVA EXTRATIVISTA MÉDIO JURUÁ
2013;0,31;ÁREA DE PROTEÇÃO AMBIENTAL MARGEM ESQUERDA DO RIO NEGRO-SETOR ATURIÁ-APUAUZINHO
2013;0,07;FLORESTA NACIONAL DE CAXIUANÃ
2013;0,06;RESERVA EXTRATIVISTA MARACANÃ
2013;0,08;RESERVA EXTRATIVISTA MATA GRANDE
2013;1,00;FLORESTA NACIONAL DE TAPIRAPÉ-AQUIRI
2013;0,31;RESERVA DE DESENVOLVIMENTO SUSTENTÁVEL DO UATUMÃ
2013;0,89;FLORESTA ESTADUAL DE RENDIMENTO SUSTENTADO TUCANO
2013;0,56;FLORESTA NACIONAL DE TEFÉ
2013;5,90;PARQUE NACIONAL DO ARAGUAIA
2013;0,53;RESERVA DE DESENVOLVIMENTO SUSTENTAVEL DO RIO MADEIRA
2013;1,33;RESERVA EXTRATIVISTA RIO PRETO-JACUNDÁ
2013;0,16;FLORESTA NACIONAL DE BALATA-TUFARI
2012;70,91;ÁREA DE PROTEÇÃO AMBIENTAL TRIUNFO DO XINGU
2012;3,90;ESTAÇÃO ECOLÓGICA DA TERRA DO MEIO
2012;0,07;FLORESTA NACIONAL DO CREPORI
2012;0,49;PARQUE ESTADUAL SERRA DOS REIS
2012;2,46;FLORESTA NACIONAL DE SARACÁ-TAQUERA
2012;0,08;ÁREA DE PROTEÇÃO AMBIENTAL DE ALTER DO CHÃO
2012;2,15;ÁREA DE PROTEçãO AMBIENTAL DA BAIXADA MARANHENSE
2012;7,50;RESERVA EXTRATIVISTA VERDE PARA SEMPRE
2012;3,09;RESERVA EXTRATIVISTA ALTO JURUÁ
2012;0,23;ÁREA DE PROTEÇÃO AMBIENTAL DAS CABECEIRAS DO RIO CUIABÁ
2012;0,16;FLORESTA NACIONAL DO ARIPUANÃ
2012;2,08;RESERVA EXTRATIVISTA RIO CAJARI
2012;3,82;"FLORESTA ESTADUAL DE RENDIMENTO SUSTENTADO DO RIO MADEIRA ""B"""
2012;0,12;ÁREA DE PROTEÇÃO AMBIENTAL PAYTUNA
2012;1,91;RESERVA EXTRATIVISTA DO CAZUMBÁ-IRACEMA
2012;1,19;RESERVA EXTRATIVISTA RENASCER
2012;8,83;ÁREA DE PROTEÇÃO AMBIENTAL DO LAGO DE TUCURUI
2012;0,08;RESERVA EXTRATIVISTA CATUÁ-IPIXUNA
2012;8,34;RESERVA BIOLÓGICA DO GURUPI
2012;0,23;RESERVA DE DESENVOLVIMENTO SUSTENTáVEL CAMPO DAS MANGABAS
2012;0,71;ÁREA DE PROTEÇÃO AMBIENTAL MARGEM ESQUERDA DO RIO NEGRO-SETOR TARUMÃ AÇU-TARUMÃ MIRIMA
2012;0,20;RESERVA EXTRATIVISTA DO RIO JUTAÍ
2012;0,07;FLORESTA NACIONAL DE TAPAJÓS
2012;0,03;RESERVA EXTRATIVISTA DO RIO UNINI
2012;19,40;RESERVA EXTRATIVISTA JACI-PARANÁ
2012;2,88;ÁREA DE PROTEÇÃO AMBIENTAL DE PRESIDENTE FIGUEIREDO - CAVERNA DO MOROAGA
2012;0,09;RESERVA DE DESENVOLVIMENTO SUSTENTÁVEL UACARÍ
2012;0,18;PARQUE NACIONAL DA SERRA DO PARDO
2012;0,12;RESERVA BIOLÓGICA DO JARU
2012;0,04;ÁREA DE PROTEÇÃO AMBIENTAL NHAMUNDÁ
2012;0,11;RESERVA EXTRATIVISTA ARAPIXI
2012;0,06;RESERVA DE DESENVOLVIMENTO SUSTENTAVEL PURANGA CONQUISTA
2012;0,06;RESERVA EXTRATIVISTA DO MéDIO PURúS
2012;8,07;FLORESTA NACIONAL DE ITAITUBA II
2012;0,33;RESERVA EXTRATIVISTA DO RIO GREGÓRIO
2012;0,13;FLORESTA ESTADUAL MAÚES
2012;0,13;RESERVA EXTRATIVISTA PEDRAS NEGRAS
2012;0,24;RESERVA DE DESENVOLVIMENTO SUSTENTAVEL DO RIO MADEIRA
2012;10,18;PARQUE NACIONAL MAPINGUARI
2012;0,15;RESERVA DE DESENVOLVIMENTO SUSTENTÁVEL DO RIO NEGRO
2012;51,02;FLORESTA NACIONAL ALTAMIRA
2012;0,43;RESERVA EXTRATIVISTA GUARIBA-ROOSEVELT
2012;1,46;ÁREA DE PROTEÇÃO AMBIENTAL MARGEM DIREITA DO RIO NEGRO- SETOR PADUARI-SOLIMÕES
2012;0,07;PARQUE NACIONAL DO JURUENA
2012;0,09;RESERVA EXTRATIVISTA ARAPIRANGA-TROMAí
2012;2,86;FLORESTA ESTADUAL DO PARU
2012;0,52;PARQUE NACIONAL DA AMAZÔNIA
2012;0,14;RESERVA EXTRATIVISTA RIO CAUTÁRIO
2012;0,13;RESERVA EXTRATIVISTA TAPAJÓS ARAPIUNS
2012;30,80;FLORESTA NACIONAL DO JAMANXIM
2012;2,59;ÁREA DE PROTEÇÃO AMBIENTAL ILHA DO BANANAL/CANTÃO
2012;0,12;ÁREA DE PROTEÇÃO AMBIENTAL DE SÃO GERALDO DO ARAGUAIA
2012;0,49;PARQUE NACIONAL DOS CAMPOS AMAZÔNICOS
2012;0,34;RESERVA DE DESENVOLVIMENTO SUSTENTÁVEL PIAGAÇU PURUS
2012;0,13;RESERVA EXTRATIVISTA RIO IRIRI
2012;0,23;RESERVA DE DESENVOLVIMENTO SUSTENTáVEL DO RIO IRATAPURU
2012;1,78;FLORESTA ESTADUAL DO AMAPÁ
2012;0,32;RESERVA BIOLÓGICA NASCENTES SERRA DO CACHIMBO
2012;1,75;ÁREA DE PROTEÇÃO AMBIENTAL DO ARQUIPÉLAGO DO MARAJÓ
2012;0,51;ESTAÇÃO ECOLÓGICA DE CUNIÃ
2012;0,52;RESERVA EXTRATIVISTA ARIÓCA PRUANÃ
2012;0,06;PARQUE ESTADUAL RIO NEGRO SETOR NORTE
2012;1,17;RESERVA EXTRATIVISTA RIOZINHO DA LIBERDADE
2012;0,63;FLORESTA ESTADUAL DE RENDIMENTO SUSTENTADO ARARAS
2012;0,22;RESERVA DE DESENVOLVIMENTO SUSTENTÁVEL ALCOBAÇA
2012;1,67;RESERVA EXTRATIVISTA RIOZINHO DO ANFRÍSIO
2012;0,22;PARQUE NACIONAL DO JAÚ
2012;0,10;ÁREA DE PROTEÇÃO AMBIENTAL LAGO DE SANTA ISABEL
2012;0,17;PARQUE NACIONAL DO RIO NOVO
2012;0,07;RESERVA DE DESENVOLVIMENTO SUSTENTÁVEL DO TUPÉ
2012;1,25;RESERVA EXTRATIVISTA RIO OURO PRETO
2012;0,07;ÁREA DE PROTEÇÃO AMBIENTAL MEANDROS DO ARAGUAIA
2012;0,08;RESERVA EXTRATIVISTA MARINHA DE GURUPI-PIRIÁ
2012;0,19;PARQUE ESTADUAL DE GUAJARÁ-MIRIM
2012;0,21;FLORESTA NACIONAL DE BALATA-TUFARI
2012;1,23;FLORESTA NACIONAL DE BOM FUTURO
2012;0,68;RESERVA EXTRATIVISTA GURUPÁ-MELGAÇO
2012;0,04;ESTAÇÃO ECOLÓGICA SERRA DOS TRÊS IRMÃOS
2012;0,02;RESERVA EXTRATIVISTA MARACATIARA
2012;0,58;FLORESTA NACIONAL DO IQUIRI
2012;0,28;RESERVA EXTRATIVISTA RIO XINGU
2012;2,22;ÁREA DE RELEVANTE INTERESSE ECOLÓGICA SERINGAL NOVA ESPERANÇA
2012;0,07;FLORESTA NACIONAL DE MULATA
2012;22,31;ÁREA DE PROTEÇÃO AMBIENTAL DO TAPAJÓS
2012;0,00;PARQUE ESTADUAL IGARAPÉS DO JURUENA
2012;3,22;RESERVA EXTRATIVISTA ITUXí
2012;0,07;FLORESTA NACIONAL DE PURUS
2012;0,10;FLORESTA NACIONAL DE URUPADI
2012;3,12;FLORESTA ESTADUAL DE RENDIMENTO SUSTENTADO MUTUM
2012;1,44;FLORESTA NACIONAL DE CARAJÁS
2012;12,42;RESERVA EXTRATIVISTA CHICO MENDES
2012;1,03;ÁREA DE PROTEÇÃO AMBIENTAL  TAPURUQUARA
2012;0,78;RESERVA EXTRATIVISTA IPAÚ-ANILZINHO
2012;0,45;PARQUE NACIONAL DA SERRA DO DIVISOR
2012;0,38;PARQUE NACIONAL DO PICO DA NEBLINA
2012;1,82;PARQUE NACIONAL DO JAMANXIM
2012;5,41;ÁREA DE PROTEçãO AMBIENTAL DE UPAON-AçU / MIRITIBA / ALTO PREGUIçAS
2012;0,36;FLORESTA NACIONAL DE RORAIMA
2012;0,87;AREA DE PROTEÇÃO AMBIENTAL TARUMA/PONTA NEGRA
2012;0,41;FLORESTA NACIONAL DO AMAZONAS
2012;0,30;FLORESTA ESTADUAL DE FARO
2012;0,17;FLORESTA ESTADUAL DE RENDIMENTO SUSTENTADO RIO VERMELHO (C)
2012;0,51;PARQUE ESTADUAL SERRA DO ARACÁ
2012;0,01;RESERVA EXTRATIVISTA ANGELIM
2012;0,35;ÁREA DE PROTEçãO AMBIENTAL DAS REENTRâNCIAS MARANHENSES
2012;1,51;ÁREA DE PROTEÇÃO AMBIENTAL IGARAPÉ SÃO FRANCISCO
2012;0,07;FLORESTA ESTADUAL CANUTAMA
2012;0,65;FLORESTA ESTADUAL DE RENDIMENTO SUSTENTADO GAVIÃO
2012;1,86;RESERVA EXTRATIVISTA ALTO TARAUACÁ
2012;0,50;RESERVA DE DESENVOLVIMENTO SUSTENTÁVEL AMANÃ
2012;0,04;RESERVA EXTRATIVISTA AQUARIQUARA
2012;2,47;FLORESTA NACIONAL DO AMANÁ
2012;0,18;FLORESTA ESTADUAL DO TROMBETAS
2012;0,39;ÁREA DE PROTEÇÃO AMBIENTAL MARGEM ESQUERDA DO RIO NEGRO-SETOR ATURIÁ-APUAUZINHO
2012;0,40;FLORESTA NACIONAL DE CAXIUANÃ
2012;0,03;RESERVA EXTRATIVISTA MARACANÃ
2012;0,34;RESERVA EXTRATIVISTA DO LAGO DO CAPANÃ GRANDE
2012;0,89;FLORESTA NACIONAL DE SANTA ROSA DO PURUS
2012;0,88;RESERVA EXTRATIVISTA MATA GRANDE
2012;0,03;FLORESTA NACIONAL DE TAPIRAPÉ-AQUIRI
2012;0,30;RESERVA DE DESENVOLVIMENTO SUSTENTÁVEL DO UATUMÃ
2012;0,06;FLORESTA NACIONAL DE TEFÉ
2012;5,75;PARQUE NACIONAL DO ARAGUAIA
2012;0,14;FLORESTA NACIONAL DE ITACAIUNAS
2012;2,17;FLORESTA ESTADUAL DE IRIRI
2011;3,68;PARQUE NACIONAL MAPINGUARI
2011;0,14;RESERVA EXTRATIVISTA BAIXO JURUÁ
2011;81,74;ÁREA DE PROTEÇÃO AMBIENTAL TRIUNFO DO XINGU
2011;0,62;ESTAÇÃO ECOLÓGICA DA TERRA DO MEIO
2011;0,13;FLORESTA NACIONAL DO CREPORI
2011;0,02;PARQUE ESTADUAL SERRA DOS REIS
2011;4,09;FLORESTA NACIONAL DE SARACÁ-TAQUERA
2011;0,07;ÁREA DE PROTEÇÃO AMBIENTAL DE ALTER DO CHÃO
2011;16,85;ÁREA DE PROTEçãO AMBIENTAL DA BAIXADA MARANHENSE
2011;8,22;RESERVA EXTRATIVISTA VERDE PARA SEMPRE
2011;0,59;FLORESTA ESTADUAL DE TAPAUÁ
2011;7,92;RESERVA EXTRATIVISTA ALTO JURUÁ
2011;0,19;RESERVA DE DESENVOLVIMENTO SUSTENTÁVEL CANUMÃ
2011;0,53;FLORESTA NACIONAL DO ARIPUANÃ
2011;0,66;RESERVA EXTRATIVISTA RIO CAJARI
2011;0,25;"FLORESTA ESTADUAL DE RENDIMENTO SUSTENTADO DO RIO MADEIRA ""B"""
2011;0,42;ÁREA DE PROTEÇÃO AMBIENTAL PAYTUNA
2011;2,86;RESERVA EXTRATIVISTA DO CAZUMBÁ-IRACEMA
2011;1,95;RESERVA EXTRATIVISTA RENASCER
2011;16,42;ÁREA DE PROTEÇÃO AMBIENTAL DO LAGO DE TUCURUI
2011;0,26;FLORESTA NACIONAL DO TRAIRÃO
2011;0,14;RESERVA EXTRATIVISTA TERRA GRANDE PRACUUBA
2011;0,08;AREA DE PROTECAO AMBIENTAL XERIUINI
2011;0,22;RESERVA EXTRATIVISTA CATUÁ-IPIXUNA
2011;6,71;RESERVA BIOLÓGICA DO GURUPI
2011;0,28;ÁREA DE PROTEÇÃO AMBIENTAL MARGEM ESQUERDA DO RIO NEGRO-SETOR TARUMÃ AÇU-TARUMÃ MIRIMA
2011;0,65;RESERVA EXTRATIVISTA DO RIO JUTAÍ
2011;0,39;FLORESTA NACIONAL DE TAPAJÓS
2011;0,58;RESERVA EXTRATIVISTA DO RIO UNINI
2011;0,05;RESERVA EXTRATIVISTA  DO RIO CAUTÁRIO
2011;54,25;RESERVA EXTRATIVISTA JACI-PARANÁ
2011;5,50;ÁREA DE PROTEÇÃO AMBIENTAL DE PRESIDENTE FIGUEIREDO - CAVERNA DO MOROAGA
2011;0,07;RESERVA DE DESENVOLVIMENTO SUSTENTÁVEL UACARÍ
2011;0,26;PARQUE NACIONAL DA SERRA DO PARDO
2011;0,28;RESERVA BIOLÓGICA DO JARU
2011;0,07;ÁREA DE PROTEÇÃO AMBIENTAL NHAMUNDÁ
2011;0,25;RESERVA EXTRATIVISTA ARAPIXI
2011;0,29;PARQUE ESTADUAL SUCUNDURI
2011;0,21;RESERVA BIOLÓGICA DO RIO TROMBETAS
2011;0,17;ÁREA DE PROTEÇÃO AMBIENTAL DOS CAMPOS DE MANICORÉ
2011;0,42;RESERVA EXTRATIVISTA DO MéDIO PURúS
2011;4,37;FLORESTA NACIONAL DE ITAITUBA II
2011;0,06;PARQUE ESTADUAL DO BACANGA
2011;0,32;RESERVA EXTRATIVISTA DO RIO GREGÓRIO
2011;1,19;FLORESTA ESTADUAL MAÚES
2011;0,48;RESERVA EXTRATIVISTA PEDRAS NEGRAS
2011;2,38;PARQUE ESTADUAL SERRA RICARDO FRANCO
2011;0,07;FLORESTA NACIONAL DE ITACAIUNAS
2011;0,33;FLORESTA ESTADUAL DE RENDIMENTO SUSTENTADO PERIQUITO
2011;0,26;FLORESTA NACIONAL DE PAU-ROSA
2011;0,00;RESERVA BIOLÓGICA DO UATUMÃ
2011;1,02;RESERVA DE DESENVOLVIMENTO SUSTENTÁVEL DO RIO NEGRO
2011;13,10;FLORESTA NACIONAL ALTAMIRA
2011;2,61;RESERVA EXTRATIVISTA GUARIBA-ROOSEVELT
2011;3,71;ÁREA DE PROTEÇÃO AMBIENTAL MARGEM DIREITA DO RIO NEGRO- SETOR PADUARI-SOLIMÕES
2011;0,79;PARQUE NACIONAL DO JURUENA
2011;0,26;RESERVA DE DESENVOLVIMENTO SUSTENTÁVEL CUJUBIM
2011;0,91;FLORESTA ESTADUAL DO PARU
2011;1,13;PARQUE NACIONAL DA AMAZÔNIA
2011;0,28;RESERVA EXTRATIVISTA RIO CAUTÁRIO
2011;0,01;RESERVA EXTRATIVISTA CASTANHEIRA
2011;2,15;RESERVA EXTRATIVISTA TAPAJÓS ARAPIUNS
2011;0,12;ÁREA DE PROTEÇÃO AMBIENTAL LAGO DO AMAPÁ
2011;13,04;FLORESTA NACIONAL DO JAMANXIM
2011;2,34;ÁREA DE PROTEÇÃO AMBIENTAL ILHA DO BANANAL/CANTÃO
2011;0,09;ÁREA DE PROTEÇÃO AMBIENTAL DE SÃO GERALDO DO ARAGUAIA
2011;0,01;RESERVA DE DESENVOLVIMENTO SUSTENTÁVEL PUCURUÍ - ARARÃO
2011;1,40;PARQUE NACIONAL DOS CAMPOS AMAZÔNICOS
2011;0,18;RESERVA DE DESENVOLVIMENTO SUSTENTÁVEL PIAGAÇU PURUS
2011;0,08;RESERVA BIOLÓGICA DO ABUFARI
2011;0,14;RESERVA EXTRATIVISTA AUATÍ-PARANÁ
2011;2,23;FLORESTA ESTADUAL DO AMAPÁ
2011;3,00;RESERVA BIOLÓGICA NASCENTES SERRA DO CACHIMBO
2011;3,82;ÁREA DE PROTEÇÃO AMBIENTAL DO ARQUIPÉLAGO DO MARAJÓ
2011;0,12;FLORESTA NACIONAL DE MACAUÃ
2011;0,15;ESTAÇÃO ECOLÓGICA DE CUNIÃ
2011;0,99;RESERVA EXTRATIVISTA ARIÓCA PRUANÃ
2011;0,75;RESERVA EXTRATIVISTA RIOZINHO DA LIBERDADE
2011;0,50;FLORESTA ESTADUAL DE RENDIMENTO SUSTENTADO ARARAS
2011;0,01;RESERVA DE DESENVOLVIMENTO SUSTENTÁVEL ALCOBAÇA
2011;1,02;RESERVA EXTRATIVISTA RIOZINHO DO ANFRÍSIO
2011;0,10;PARQUE NACIONAL DO JAÚ
2011;0,09;ESTAçãO ECOLóGICA DO RIO ROOSEVELT
2011;0,78;PARQUE NACIONAL DO RIO NOVO
2011;1,37;RESERVA EXTRATIVISTA RIO OURO PRETO
2011;0,69;ÁREA DE PROTEÇÃO AMBIENTAL MEANDROS DO ARAGUAIA
2011;0,47;RESERVA DE DESENVOLVIMENTO SUSTENTÁVEL DO JUMA
2011;0,92;FLORESTA ESTADUAL DE IRIRI
2011;2,18;FLORESTA NACIONAL DE BOM FUTURO
2011;0,20;ÁREA DE PROTEçãO AMBIENTAL DA REGIãO DO MARACANã
2011;0,13;FLORESTA NACIONAL DE HUMAITÁ
2011;0,06;RESERVA EXTRATIVISTA GURUPÁ-MELGAÇO
2011;0,06;RESERVA EXTRATIVISTA MARACATIARA
2011;3,04;FLORESTA NACIONAL DO IQUIRI
2011;0,34;ÁREA DE RELEVANTE INTERESSE ECOLÓGICA SERINGAL NOVA ESPERANÇA
2011;0,22;FLORESTA NACIONAL DE MULATA
2011;13,50;ÁREA DE PROTEÇÃO AMBIENTAL DO TAPAJÓS
2011;1,24;RESERVA EXTRATIVISTA ITUXí
2011;0,18;FLORESTA NACIONAL DE PURUS
2011;0,21;FLORESTA NACIONAL DE URUPADI
2011;0,53;FLORESTA NACIONAL DE BALATA-TUFARI
2011;3,63;FLORESTA ESTADUAL DE RENDIMENTO SUSTENTADO MUTUM
2011;0,31;FLORESTA NACIONAL DE CARAJÁS
2011;12,02;RESERVA EXTRATIVISTA CHICO MENDES
2011;1,21;ÁREA DE PROTEÇÃO AMBIENTAL  TAPURUQUARA
2011;0,63;RESERVA EXTRATIVISTA IPAÚ-ANILZINHO
2011;5,78;PARQUE NACIONAL DA SERRA DO DIVISOR
2011;0,39;PARQUE NACIONAL DO PICO DA NEBLINA
2011;0,98;PARQUE NACIONAL DO JAMANXIM
2011;9,09;ÁREA DE PROTEçãO AMBIENTAL DE UPAON-AçU / MIRITIBA / ALTO PREGUIçAS
2011;0,08;ÁREA DE PROTEÇÃO AMBIENTAL DA CHAPADA DOS GUIMARÃES
2011;1,72;FLORESTA NACIONAL DE RORAIMA
2011;0,15;ÁREA DE PROTEÇÃO AMBIENTAL MUNICIPAL DO ARICÁ-AÇU
2011;0,20;AREA DE PROTEÇÃO AMBIENTAL TARUMA/PONTA NEGRA
2011;0,06;RESERVA EXTRATIVISTA RIO PACAÁS NOVOS
2011;0,08;FLORESTA NACIONAL DO AMAZONAS
2011;0,41;FLORESTA ESTADUAL DE FARO
2011;0,08;FLORESTA ESTADUAL DE RENDIMENTO SUSTENTADO RIO VERMELHO (C)
2011;0,33;PARQUE ESTADUAL SERRA DO ARACÁ
2011;1,61;ÁREA DE PROTEçãO AMBIENTAL DAS REENTRâNCIAS MARANHENSES
2011;1,97;ÁREA DE PROTEÇÃO AMBIENTAL IGARAPÉ SÃO FRANCISCO
2011;0,15;FLORESTA ESTADUAL CANUTAMA
2011;0,07;PARQUE ESTADUAL SERRA SANTA BÁRBARA
2011;0,22;PARQUE ESTADUAL DO ARAGUAIAA
2011;2,31;RESERVA EXTRATIVISTA ALTO TARAUACÁ
2011;0,45;ESTAÇÃO ECOLÓGICA JUAMI-JAPURÁ
2011;0,40;RESERVA DE DESENVOLVIMENTO SUSTENTÁVEL AMANÃ
2011;0,00;RESERVA EXTRATIVISTA AQUARIQUARA
2011;0,19;FLORESTA NACIONAL DE JACUNDÁ
2011;1,54;FLORESTA NACIONAL DO AMANÁ
2011;0,76;PARQUE ESTADUAL TUCUMÃ
2011;0,19;FLORESTA ESTADUAL DO TROMBETAS
2011;0,11;ÁREA DE PROTEÇÃO AMBIENTAL DA REGIÃO METROLPOLITANA DE BELÉM
2011;0,10;RESERVA EXTRATIVISTA MÉDIO JURUÁ
2011;0,52;ÁREA DE PROTEÇÃO AMBIENTAL MARGEM ESQUERDA DO RIO NEGRO-SETOR ATURIÁ-APUAUZINHO
2011;0,00;ÁREA DE RELEVANTE INTERESSE ECOLÓGICO JAPIIM PENTECOSTE
2011;0,39;FLORESTA NACIONAL DE CAXIUANÃ
2011;0,03;RESERVA EXTRATIVISTA MARACANÃ
2011;0,16;RESERVA EXTRATIVISTA DO CIRIÁCO
2011;0,95;FLORESTA NACIONAL DE SANTA ROSA DO PURUS
2011;0,78;RESERVA EXTRATIVISTA MATA GRANDE
2011;0,11;PARQUE NACIONAL NASCENTES DO LAGO JARI
2011;0,53;FLORESTA NACIONAL DE TAPIRAPÉ-AQUIRI
2011;0,78;RESERVA DE DESENVOLVIMENTO SUSTENTÁVEL DO UATUMÃ
2011;0,24;FLORESTA ESTADUAL DE RENDIMENTO SUSTENTADO TUCANO
2011;1,29;FLORESTA NACIONAL DE TEFÉ
2011;0,55;PARQUE NACIONAL DO ARAGUAIA
2011;0,65;RESERVA DE DESENVOLVIMENTO SUSTENTAVEL DO RIO MADEIRA
2011;1,45;RESERVA EXTRATIVISTA RIO PRETO-JACUNDÁ
2011;0,07;ÁREA DE PROTEÇÃO AMBIENTAL - BAIXO RIO BRANCO
2010;1,63;FLORESTA ESTADUAL DO PARU
2010;8,14;ÁREA DE PROTEÇÃO AMBIENTAL DO TAPAJÓS
2010;159,44;ÁREA DE PROTEÇÃO AMBIENTAL TRIUNFO DO XINGU
2010;4,98;ESTAÇÃO ECOLÓGICA DA TERRA DO MEIO
2010;0,34;FLORESTA NACIONAL DO CREPORI
2010;5,95;FLORESTA NACIONAL DE SARACÁ-TAQUERA
2010;0,06;RESERVA EXTRATIVISTA MARINHA MESTRE LUCINDO
2010;0,52;ÁREA DE PROTEÇÃO AMBIENTAL DE ALTER DO CHÃO
2010;0,06;ÁREA DE PROTEÇÃO AMBIENTAL DE ALGODOAL-MAIANDEUA
2010;8,21;ÁREA DE PROTEçãO AMBIENTAL DA BAIXADA MARANHENSE
2010;0,06;ÁREA DE PROTEÇÃO AMBIENTAL DO JUÁ
2010;13,17;RESERVA EXTRATIVISTA VERDE PARA SEMPRE
2010;0,75;FLORESTA ESTADUAL DE TAPAUÁ
2010;17,65;RESERVA EXTRATIVISTA ALTO JURUÁ
2010;0,12;ÁREA DE PROTEÇÃO AMBIENTAL DO IGARAPÉ GELADO
2010;0,16;ÁREA DE PROTEÇÃO AMBIENTAL DAS CABECEIRAS DO RIO CUIABÁ
2010;2,27;RESERVA EXTRATIVISTA RIO CAJARI
2010;0,14;"FLORESTA ESTADUAL DE RENDIMENTO SUSTENTADO DO RIO MADEIRA ""B"""
2010;0,14;RESERVA EXTRATIVISTA BAIXO RIO BRANCO JAUAPERI
2010;0,36;ÁREA DE PROTEÇÃO AMBIENTAL PAYTUNA
2010;2,28;RESERVA EXTRATIVISTA DO CAZUMBÁ-IRACEMA
2010;4,55;RESERVA EXTRATIVISTA RENASCER
2010;26,79;ÁREA DE PROTEÇÃO AMBIENTAL DO LAGO DE TUCURUI
2010;2,30;RESERVA EXTRATIVISTA TERRA GRANDE PRACUUBA
2010;0,14;RESERVA EXTRATIVISTA CATUÁ-IPIXUNA
2010;11,62;RESERVA BIOLÓGICA DO GURUPI
2010;3,94;ÁREA DE PROTEÇÃO AMBIENTAL MARGEM ESQUERDA DO RIO NEGRO-SETOR TARUMÃ AÇU-TARUMÃ MIRIMA
2010;0,42;RESERVA EXTRATIVISTA DO RIO JUTAÍ
2010;0,94;FLORESTA NACIONAL DE TAPAJÓS
2010;0,24;RESERVA EXTRATIVISTA DO RIO UNINI
2010;0,03;RESERVA EXTRATIVISTA  DO RIO CAUTÁRIO
2010;38,91;RESERVA EXTRATIVISTA JACI-PARANÁ
2010;4,98;ÁREA DE PROTEÇÃO AMBIENTAL DE PRESIDENTE FIGUEIREDO - CAVERNA DO MOROAGA
2010;0,14;PARQUE NACIONAL DOS CAMPOS FERRUGINOSOS
2010;1,48;PARQUE NACIONAL DA SERRA DO PARDO
2010;0,25;PARQUE NACIONAL DO CABO ORANGE
2010;0,17;RESERVA BIOLÓGICA DO JARU
2010;0,52;ÁREA DE PROTEÇÃO AMBIENTAL NHAMUNDÁ
2010;0,34;RESERVA EXTRATIVISTA ARAPIXI
2010;0,37;RESERVA DE DESENVOLVIMENTO SUSTENTAVEL PURANGA CONQUISTA
2010;0,97;RESERVA BIOLÓGICA DO RIO TROMBETAS
2010;0,04;ÁREA DE PROTEÇÃO AMBIENTAL DOS CAMPOS DE MANICORÉ
2010;1,47;RESERVA EXTRATIVISTA DO MéDIO PURúS
2010;1,67;FLORESTA NACIONAL DE ITAITUBA II
2010;0,08;PARQUE ESTADUAL DO BACANGA
2010;0,55;RESERVA EXTRATIVISTA DO RIO GREGÓRIO
2010;1,04;RESERVA EXTRATIVISTA MAPUÁ
2010;0,96;FLORESTA ESTADUAL MAÚES
2010;1,14;PARQUE ESTADUAL SERRA RICARDO FRANCO
2010;0,25;FLORESTA NACIONAL DE ITACAIUNAS
2010;0,26;FLORESTA ESTADUAL DE RENDIMENTO SUSTENTADO PERIQUITO
2010;0,56;FLORESTA NACIONAL DE PAU-ROSA
2010;1,42;PARQUE NACIONAL MAPINGUARI
2010;1,30;RESERVA DE DESENVOLVIMENTO SUSTENTÁVEL DO RIO NEGRO
2010;2,64;FLORESTA NACIONAL ALTAMIRA
2010;0,83;RESERVA EXTRATIVISTA GUARIBA-ROOSEVELT
2010;0,04;RESERVA EXTRATIVISTA MARINHA CUINARANA
2010;7,35;ÁREA DE PROTEÇÃO AMBIENTAL MARGEM DIREITA DO RIO NEGRO- SETOR PADUARI-SOLIMÕES
2010;0,61;PARQUE NACIONAL DO JURUENA
2010;0,88;RESERVA DE DESENVOLVIMENTO SUSTENTÁVEL CUJUBIM
2010;0,26;RESERVA BIOLÓGICA DO UATUMÃ
2010;0,94;PARQUE NACIONAL DA AMAZÔNIA
2010;0,21;FLORESTA NACIONAL DE AMAPÁ
2010;0,62;RESERVA EXTRATIVISTA RIO CAUTÁRIO
2010;3,60;RESERVA EXTRATIVISTA TAPAJÓS ARAPIUNS
2010;11,83;FLORESTA NACIONAL DO JAMANXIM
2010;6,76;ÁREA DE PROTEÇÃO AMBIENTAL ILHA DO BANANAL/CANTÃO
2010;0,36;ÁREA DE PROTEÇÃO AMBIENTAL DE SÃO GERALDO DO ARAGUAIA
2010;0,00;RESERVA DE DESENVOLVIMENTO SUSTENTÁVEL PUCURUÍ - ARARÃO
2010;0,18;PARQUE NACIONAL DOS CAMPOS AMAZÔNICOS
2010;0,82;RESERVA DE DESENVOLVIMENTO SUSTENTÁVEL PIAGAÇU PURUS
2010;0,73;RESERVA BIOLÓGICA DO ABUFARI
2010;0,70;RESERVA EXTRATIVISTA AUATÍ-PARANÁ
2010;9,57;FLORESTA ESTADUAL DO AMAPÁ
2010;5,71;RESERVA BIOLÓGICA NASCENTES SERRA DO CACHIMBO
2010;33,32;ÁREA DE PROTEÇÃO AMBIENTAL DO ARQUIPÉLAGO DO MARAJÓ
2010;11,19;RESERVA EXTRATIVISTA ARIÓCA PRUANÃ
2010;3,51;RESERVA EXTRATIVISTA RIOZINHO DA LIBERDADE
2010;0,66;FLORESTA ESTADUAL DE RENDIMENTO SUSTENTADO ARARAS
2010;0,17;RESERVA DE DESENVOLVIMENTO SUSTENTÁVEL ALCOBAÇA
2010;1,07;RESERVA EXTRATIVISTA RIOZINHO DO ANFRÍSIO
2010;0,80;PARQUE NACIONAL DO JAÚ
2010;0,46;ÁREA DE PROTEÇÃO AMBIENTAL LAGO DE SANTA ISABEL
2010;0,10;ESTAçãO ECOLóGICA DO RIO ROOSEVELT
2010;1,48;PARQUE NACIONAL DO RIO NOVO
2010;0,07;RESERVA DE DESENVOLVIMENTO SUSTENTÁVEL DO TUPÉ
2010;0,92;RESERVA EXTRATIVISTA RIO OURO PRETO
2010;0,57;ÁREA DE PROTEÇÃO AMBIENTAL MEANDROS DO ARAGUAIA
2010;0,06;RESERVA EXTRATIVISTA MARINHA ARAI-PEROBA
2010;0,92;RESERVA DE DESENVOLVIMENTO SUSTENTÁVEL DO JUMA
2010;1,32;FLORESTA ESTADUAL DE IRIRI
2010;1,64;FLORESTA NACIONAL DE BOM FUTURO
2010;0,13;PARQUE NACIONAL DO MONTE RORAIMA
2010;0,29;ÁREA DE PROTEçãO AMBIENTAL DA REGIãO DO MARACANã
2010;0,07;FLORESTA NACIONAL DE HUMAITÁ
2010;0,08;RESERVA EXTRATIVISTA GURUPÁ-MELGAÇO
2010;0,16;ESTAÇÃO ECOLÓGICA DE MARACÁ
2010;0,54;FLORESTA NACIONAL DO IQUIRI
2010;0,20;RESERVA EXTRATIVISTA RIO XINGU
2010;0,29;ÁREA DE RELEVANTE INTERESSE ECOLÓGICA SERINGAL NOVA ESPERANÇA
2010;0,10;RESERVA EXTRATIVISTA MARINHA MOCAPAJUBA
2010;0,13;FLORESTA NACIONAL DE MULATA
2010;0,30;RESERVA EXTRATIVISTA BAIXO JURUÁ
2010;0,31;RESERVA EXTRATIVISTA ITUXí
2010;0,05;FLORESTA NACIONAL DE PURUS
2010;0,08;FLORESTA NACIONAL DE URUPADI
2010;0,50;ÁREA DE PROTEÇÃO AMBIENTAL - BAIXO RIO BRANCO
2010;6,43;FLORESTA ESTADUAL DE RENDIMENTO SUSTENTADO MUTUM
2010;0,05;PARQUE NACIONAL DE ANAVILHANAS
2010;0,31;PARQUE NACIONAL DO ACARI
2010;0,62;FLORESTA NACIONAL DE CARAJÁS
2010;6,41;RESERVA EXTRATIVISTA CHICO MENDES
2010;0,76;ÁREA DE PROTEÇÃO AMBIENTAL  TAPURUQUARA
2010;2,96;RESERVA EXTRATIVISTA IPAÚ-ANILZINHO
2010;5,11;PARQUE NACIONAL DA SERRA DO DIVISOR
2010;3,97;PARQUE NACIONAL DO PICO DA NEBLINA
2010;1,05;RESERVA DE DESENVOLVIMENTO SUSTENTÁVEL MAMIRAUÁ
2010;1,81;PARQUE NACIONAL DO JAMANXIM
2010;15,82;ÁREA DE PROTEçãO AMBIENTAL DE UPAON-AçU / MIRITIBA / ALTO PREGUIçAS
2010;2,27;FLORESTA NACIONAL DE RORAIMA
2010;1,74;RESERVA BIOLÓGICA DE MAICURU
2010;3,84;ESTAÇÃO ECOLÓGICA DO GRÃO PARÁ
2010;1,02;AREA DE PROTEÇÃO AMBIENTAL TARUMA/PONTA NEGRA
2010;0,14;RESERVA EXTRATIVISTA RIO PACAÁS NOVOS
2010;0,15;FLORESTA NACIONAL DO AMAZONAS
2010;0,90;FLORESTA ESTADUAL DE FARO
2010;0,21;FLORESTA ESTADUAL DE RENDIMENTO SUSTENTADO RIO VERMELHO (C)
2010;0,15;PARQUE ESTADUAL SERRA DO ARACÁ
2010;0,08;RESERVA DE DESENVOLVIMENTO SUSTENTÁVEL IGAPÓ-AÇU
2010;2,68;ÁREA DE PROTEçãO AMBIENTAL DAS REENTRâNCIAS MARANHENSES
2010;0,55;ÁREA DE PROTEÇÃO AMBIENTAL IGARAPÉ SÃO FRANCISCO
2010;0,10;FLORESTA ESTADUAL CANUTAMA
2010;0,10;PARQUE ESTADUAL SERRA SANTA BÁRBARA
2010;0,12;PARQUE ESTADUAL DO ARAGUAIAA
2010;0,06;RESERVA EXTRATIVISTA MAE GRANDE DE CURUÇA
2010;3,25;RESERVA EXTRATIVISTA ALTO TARAUACÁ
2010;1,89;RESERVA DE DESENVOLVIMENTO SUSTENTÁVEL AMANÃ
2010;0,17;PARQUE ESTADUAL DA SERRA DOS MARTÍRIOS/ANDORINHAS
2010;0,62;FLORESTA NACIONAL DO AMANÁ
2010;0,81;FLORESTA ESTADUAL DO TROMBETAS
2010;0,43;RESERVA EXTRATIVISTA MÉDIO JURUÁ
2010;1,67;ÁREA DE PROTEÇÃO AMBIENTAL MARGEM ESQUERDA DO RIO NEGRO-SETOR ATURIÁ-APUAUZINHO
2010;0,18;FLORESTA NACIONAL DE CAXIUANÃ
2010;0,19;RESERVA EXTRATIVISTA MARACANÃ
2010;0,31;ESTAçãO ECOLóGICA ALTO MAUéS
2010;0,24;PARQUE NACIONAL MONTANHAS DO TUMUCUMAQUE
2010;0,44;RESERVA EXTRATIVISTA MARINHA DE SOURE
2010;0,09;FLORESTA NACIONAL DO JAMARI
2010;2,68;RESERVA EXTRATIVISTA DO LAGO DO CAPANÃ GRANDE
2010;1,68;FLORESTA NACIONAL DE SANTA ROSA DO PURUS
2010;0,80;RESERVA EXTRATIVISTA MATA GRANDE
2010;0,92;FLORESTA NACIONAL DE TAPIRAPÉ-AQUIRI
2010;1,20;RESERVA DE DESENVOLVIMENTO SUSTENTÁVEL DO UATUMÃ
2010;0,17;FLORESTA ESTADUAL DE RENDIMENTO SUSTENTADO TUCANO
2010;6,39;FLORESTA NACIONAL DE TEFÉ
2010;0,14;PARQUE NACIONAL DO ARAGUAIA
2010;1,70;RESERVA DE DESENVOLVIMENTO SUSTENTAVEL DO RIO MADEIRA
2010;0,37;RESERVA EXTRATIVISTA RIO PRETO-JACUNDÁ
2010;0,44;FLORESTA NACIONAL DE BALATA-TUFARI
2009;0,35;RESERVA EXTRATIVISTA BAIXO JURUÁ
2009;197,49;ÁREA DE PROTEÇÃO AMBIENTAL TRIUNFO DO XINGU
2009;2,40;ESTAÇÃO ECOLÓGICA DA TERRA DO MEIO
2009;0,73;FLORESTA NACIONAL DO CREPORI
2009;4,37;FLORESTA NACIONAL DE SARACÁ-TAQUERA
2009;0,92;RESERVA BIOLÓGICA DO GUAPORÉ
2009;0,16;RESERVA EXTRATIVISTA MARINHA MESTRE LUCINDO
2009;11,98;ÁREA DE PROTEçãO AMBIENTAL DA BAIXADA MARANHENSE
2009;17,60;RESERVA EXTRATIVISTA VERDE PARA SEMPRE
2009;0,08;FLORESTA ESTADUAL DE TAPAUÁ
2009;0,21;FLORESTA ESTADUAL DE RENDIMENTO SUSTENTADO CEDRO
2009;0,11;RESERVA DE DESENVOLVIMENTO SUSTENTÁVEL CANUMÃ
2009;0,52;ÁREA DE PROTEÇÃO AMBIENTAL DAS CABECEIRAS DO RIO CUIABÁ
2009;0,39;FLORESTA NACIONAL DO ARIPUANÃ
2009;5,41;RESERVA EXTRATIVISTA RIO CAJARI
2009;0,31;"FLORESTA ESTADUAL DE RENDIMENTO SUSTENTADO DO RIO MADEIRA ""B"""
2009;0,46;ÁREA DE PROTEÇÃO AMBIENTAL PAYTUNA
2009;0,01;FLORESTA NACIONAL DE JATUARANA
2009;0,74;RESERVA EXTRATIVISTA DO CAZUMBÁ-IRACEMA
2009;2,76;RESERVA EXTRATIVISTA RENASCER
2009;19,93;ÁREA DE PROTEÇÃO AMBIENTAL DO LAGO DE TUCURUI
2009;1,09;FLORESTA NACIONAL DO TRAIRÃO
2009;1,13;RESERVA EXTRATIVISTA TERRA GRANDE PRACUUBA
2009;0,05;RESERVA EXTRATIVISTA PIQUIÁ
2009;0,07;RESERVA EXTRATIVISTA CATUÁ-IPIXUNA
2009;27,63;RESERVA BIOLÓGICA DO GURUPI
2009;0,86;ÁREA DE PROTEÇÃO AMBIENTAL MARGEM ESQUERDA DO RIO NEGRO-SETOR TARUMÃ AÇU-TARUMÃ MIRIMA
2009;0,59;RESERVA EXTRATIVISTA DO RIO JUTAÍ
2009;1,11;FLORESTA NACIONAL DE TAPAJÓS
2009;0,00;ESTAçãO ECOLóGICA DO RIO RONURO
2009;6,21;RESERVA EXTRATIVISTA JACI-PARANÁ
2009;6,89;ÁREA DE PROTEÇÃO AMBIENTAL DE PRESIDENTE FIGUEIREDO - CAVERNA DO MOROAGA
2009;0,07;RESERVA DE DESENVOLVIMENTO SUSTENTÁVEL UACARÍ
2009;0,78;PARQUE NACIONAL DA SERRA DO PARDO
2009;0,43;PARQUE NACIONAL DO CABO ORANGE
2009;0,81;RESERVA BIOLÓGICA DO JARU
2009;0,56;RESERVA EXTRATIVISTA ARAPIXI
2009;0,15;RESERVA DE DESENVOLVIMENTO SUSTENTAVEL PURANGA CONQUISTA
2009;0,23;ÁREA DE PROTEÇÃO AMBIENTAL DOS CAMPOS DE MANICORÉ
2009;0,11;RESERVA EXTRATIVISTA IPÊ
2009;0,60;RESERVA EXTRATIVISTA DO MéDIO PURúS
2009;1,58;FLORESTA NACIONAL DE ITAITUBA II
2009;0,74;RESERVA EXTRATIVISTA MAPUÁ
2009;0,13;PARQUE ESTADUAL DE CORUMBIARA
2009;0,16;RESERVA EXTRATIVISTA PEDRAS NEGRAS
2009;2,53;PARQUE ESTADUAL SERRA RICARDO FRANCO
2009;1,92;FLORESTA NACIONAL DE ITACAIUNAS
2009;0,95;FLORESTA ESTADUAL DE RENDIMENTO SUSTENTADO PERIQUITO
2009;0,18;FLORESTA NACIONAL DE PAU-ROSA
2009;0,83;PARQUE NACIONAL MAPINGUARI
2009;3,13;RESERVA DE DESENVOLVIMENTO SUSTENTÁVEL DO RIO NEGRO
2009;15,01;FLORESTA NACIONAL ALTAMIRA
2009;2,24;RESERVA EXTRATIVISTA GUARIBA-ROOSEVELT
2009;8,40;ÁREA DE PROTEÇÃO AMBIENTAL MARGEM DIREITA DO RIO NEGRO- SETOR PADUARI-SOLIMÕES
2009;1,31;FLORESTA ESTADUAL DO PARU
2009;1,99;PARQUE NACIONAL DA AMAZÔNIA
2009;0,91;RESERVA EXTRATIVISTA RIO CAUTÁRIO
2009;0,02;RESERVA EXTRATIVISTA CASTANHEIRA
2009;0,02;RESERVA EXTRATIVISTA DE CURURUPU
2009;3,11;RESERVA EXTRATIVISTA TAPAJÓS ARAPIUNS
2009;0,09;ÁREA DE PROTEÇÃO AMBIENTAL LAGO DO AMAPÁ
2009;103,36;FLORESTA NACIONAL DO JAMANXIM
2009;7,38;ÁREA DE PROTEÇÃO AMBIENTAL ILHA DO BANANAL/CANTÃO
2009;0,15;ÁREA DE PROTEÇÃO AMBIENTAL DE SÃO GERALDO DO ARAGUAIA
2009;0,75;PARQUE NACIONAL DOS CAMPOS AMAZÔNICOS
2009;0,73;RESERVA EXTRATIVISTA RIO IRIRI
2009;0,08;RESERVA EXTRATIVISTA AUATÍ-PARANÁ
2009;0,17;RESERVA DE DESENVOLVIMENTO SUSTENTáVEL DO RIO IRATAPURU
2009;9,56;FLORESTA ESTADUAL DO AMAPÁ
2009;3,49;RESERVA BIOLÓGICA NASCENTES SERRA DO CACHIMBO
2009;7,76;ÁREA DE PROTEÇÃO AMBIENTAL DO ARQUIPÉLAGO DO MARAJÓ
2009;1,12;RESERVA EXTRATIVISTA ARIÓCA PRUANÃ
2009;0,08;RESERVA EXTRATIVISTA ITAPETININGA
2009;0,28;RESERVA EXTRATIVISTA RIOZINHO DA LIBERDADE
2009;0,24;FLORESTA ESTADUAL DE RENDIMENTO SUSTENTADO ARARAS
2009;0,09;RESERVA DE DESENVOLVIMENTO SUSTENTÁVEL ALCOBAÇA
2009;3,30;RESERVA EXTRATIVISTA RIOZINHO DO ANFRÍSIO
2009;0,18;PARQUE NACIONAL DO JAÚ
2009;0,10;PARQUE NACIONAL DO RIO NOVO
2009;2,97;RESERVA EXTRATIVISTA RIO OURO PRETO
2009;0,07;PARQUE NACIONAL DE PACAÁS NOVOS
2009;0,18;RESERVA EXTRATIVISTA MARINHA ARAI-PEROBA
2009;0,13;RESERVA EXTRATIVISTA MARINHA DE GURUPI-PIRIÁ
2009;0,25;RESERVA DE DESENVOLVIMENTO SUSTENTÁVEL DO JUMA
2009;4,27;FLORESTA ESTADUAL DE IRIRI
2009;2,52;FLORESTA NACIONAL DE BOM FUTURO
2009;0,25;RESERVA BIOLÓGICA DO MANICORÉ
2009;0,00;RESERVA EXTRATIVISTA MARACATIARA
2009;2,81;FLORESTA NACIONAL DO IQUIRI
2009;0,25;ÁREA DE RELEVANTE INTERESSE ECOLÓGICA SERINGAL NOVA ESPERANÇA
2009;0,14;ÁREA DE PROTEÇÃO AMBIENTAL DO RIO MADEIRA
2009;15,17;ÁREA DE PROTEÇÃO AMBIENTAL DO TAPAJÓS
2009;0,36;PARQUE ESTADUAL CRISTALINO
2009;0,06;RESERVA EXTRATIVISTA CANUTAMA
2009;0,06;RESERVA EXTRATIVISTA ITUXí
2009;0,49;FLORESTA NACIONAL DE PURUS
2009;1,25;ÁREA DE PROTEÇÃO AMBIENTAL - BAIXO RIO BRANCO
2009;3,30;FLORESTA ESTADUAL DE RENDIMENTO SUSTENTADO MUTUM
2009;0,23;PARQUE NACIONAL DE ANAVILHANAS
2009;1,90;FLORESTA NACIONAL DE CARAJÁS
2009;3,68;RESERVA EXTRATIVISTA CHICO MENDES
2009;0,10;ÁREA DE PROTEÇÃO AMBIENTAL  TAPURUQUARA
2009;1,95;RESERVA EXTRATIVISTA IPAÚ-ANILZINHO
2009;0,01;RESERVA PARTICULAR DO PATRIMÔNIO NATURAL CRISTALINO I
2009;0,70;PARQUE NACIONAL DA SERRA DO DIVISOR
2009;0,09;RESERVA DE DESENVOLVIMENTO SUSTENTÁVEL MAMIRAUÁ
2009;3,04;PARQUE NACIONAL DO JAMANXIM
2009;0,20;ÁREA DE PROTEçãO AMBIENTAL DE UPAON-AçU / MIRITIBA / ALTO PREGUIçAS
2009;0,54;ÁREA DE PROTEÇÃO AMBIENTAL DA CHAPADA DOS GUIMARÃES
2009;1,25;FLORESTA NACIONAL DE BALATA-TUFARI
2009;0,59;ÁREA DE PROTEÇÃO AMBIENTAL MUNICIPAL DO ARICÁ-AÇU
2009;0,13;RESERVA BIOLÓGICA DE MAICURU
2009;0,38;AREA DE PROTEÇÃO AMBIENTAL TARUMA/PONTA NEGRA
2009;0,48;FLORESTA ESTADUAL DE FARO
2009;0,07;PARQUE ESTADUAL SERRA DO ARACÁ
2009;7,10;ÁREA DE PROTEçãO AMBIENTAL DAS REENTRâNCIAS MARANHENSES
2009;0,72;ÁREA DE PROTEÇÃO AMBIENTAL IGARAPÉ SÃO FRANCISCO
2009;0,20;FLORESTA ESTADUAL CANUTAMA
2009;0,14;PARQUE ESTADUAL SERRA SANTA BÁRBARA
2009;0,11;RESERVA EXTRATIVISTA MAE GRANDE DE CURUÇA
2009;0,11;FLORESTA ESTADUAL DE RENDIMENTO SUSTENTADO GAVIÃO
2009;0,62;RESERVA EXTRATIVISTA ALTO TARAUACÁ
2009;0,14;RESERVA DE DESENVOLVIMENTO SUSTENTÁVEL AMANÃ
2009;0,25;RESERVA EXTRATIVISTA AQUARIQUARA
2009;2,43;FLORESTA NACIONAL DO AMANÁ
2009;0,28;RESERVA EXTRATIVISTA MÉDIO JURUÁ
2009;1,41;ÁREA DE PROTEÇÃO AMBIENTAL MARGEM ESQUERDA DO RIO NEGRO-SETOR ATURIÁ-APUAUZINHO
2009;0,00;ÁREA DE RELEVANTE INTERESSE ECOLÓGICO JAPIIM PENTECOSTE
2009;0,17;ESTAçãO ECOLóGICA ALTO MAUéS
2009;0,53;RESERVA EXTRATIVISTA DO CIRIÁCO
2009;0,14;RESERVA EXTRATIVISTA MARINHA DE SOURE
2009;0,18;FLORESTA NACIONAL DO JAMARI
2009;0,07;RESERVA EXTRATIVISTA DO LAGO DO CAPANÃ GRANDE
2009;0,30;FLORESTA NACIONAL DE SANTA ROSA DO PURUS
2009;1,72;RESERVA EXTRATIVISTA MATA GRANDE
2009;0,09;PARQUE NACIONAL NASCENTES DO LAGO JARI
2009;7,82;FLORESTA NACIONAL DE TAPIRAPÉ-AQUIRI
2009;0,10;RESERVA DE DESENVOLVIMENTO SUSTENTÁVEL DO UATUMÃ
2009;0,41;FLORESTA ESTADUAL DE RENDIMENTO SUSTENTADO TUCANO
2009;2,99;FLORESTA NACIONAL DE TEFÉ
2009;0,17;PARQUE NACIONAL DO ARAGUAIA
2009;0,03;RESERVA EXTRATIVISTA FREIJÓ
2009;0,18;RESERVA DE DESENVOLVIMENTO SUSTENTAVEL DO RIO MADEIRA
2009;0,09;RESERVA EXTRATIVISTA RIO PRETO-JACUNDÁ
2009;0,49;FLORESTA ESTADUAL MAÚES
2009;0,47;FLORESTA NACIONAL DE RORAIMA
2008;0,46;RESERVA DE DESENVOLVIMENTO SUSTENTÁVEL DO RIO NEGRO
2008;0,40;RESERVA EXTRATIVISTA BAIXO JURUÁ
2008;254,40;ÁREA DE PROTEÇÃO AMBIENTAL TRIUNFO DO XINGU
2008;3,38;ESTAÇÃO ECOLÓGICA DA TERRA DO MEIO
2008;0,27;FLORESTA NACIONAL DO CREPORI
2008;0,16;PARQUE ESTADUAL SERRA DOS REIS
2008;0,12;RESERVA EXTRATIVISTA SÃO JOÃO DA PONTA
2008;3,38;FLORESTA NACIONAL DE SARACÁ-TAQUERA
2008;1,91;RESERVA BIOLÓGICA DO GUAPORÉ
2008;0,22;RESERVA EXTRATIVISTA MARINHA MESTRE LUCINDO
2008;0,58;ÁREA DE PROTEÇÃO AMBIENTAL DE ALTER DO CHÃO
2008;45,91;ÁREA DE PROTEçãO AMBIENTAL DA BAIXADA MARANHENSE
2008;0,17;ÁREA DE PROTEÇÃO AMBIENTAL DO JUÁ
2008;11,58;RESERVA EXTRATIVISTA VERDE PARA SEMPRE
2008;0,08;PARQUE ESTADUAL CHANDLESS
2008;0,27;FLORESTA ESTADUAL DE TAPAUÁ
2008;7,89;RESERVA EXTRATIVISTA ALTO JURUÁ
2008;0,17;RESERVA DE DESENVOLVIMENTO SUSTENTÁVEL CANUMÃ
2008;1,25;ÁREA DE PROTEÇÃO AMBIENTAL DO IGARAPÉ GELADO
2008;0,07;FLORESTA NACIONAL DO ARIPUANÃ
2008;7,62;RESERVA EXTRATIVISTA RIO CAJARI
2008;2,24;"FLORESTA ESTADUAL DE RENDIMENTO SUSTENTADO DO RIO MADEIRA ""B"""
2008;0,01;RESERVA EXTRATIVISTA BAIXO RIO BRANCO JAUAPERI
2008;0,54;ÁREA DE PROTEÇÃO AMBIENTAL PAYTUNA
2008;1,07;RESERVA EXTRATIVISTA DO CAZUMBÁ-IRACEMA
2008;8,82;RESERVA EXTRATIVISTA RENASCER
2008;46,61;ÁREA DE PROTEÇÃO AMBIENTAL DO LAGO DE TUCURUI
2008;1,47;FLORESTA NACIONAL DO TRAIRÃO
2008;0,06;RESERVA BIOLÓGICA MORRO DOS SEIS LAGOS
2008;0,13;RESERVA EXTRATIVISTA CATUÁ-IPIXUNA
2008;36,48;RESERVA BIOLÓGICA DO GURUPI
2008;0,09;RESERVA DE DESENVOLVIMENTO SUSTENTáVEL CAMPO DAS MANGABAS
2008;0,17;ÁREA DE PROTEÇÃO AMBIENTAL MARGEM ESQUERDA DO RIO NEGRO-SETOR TARUMÃ AÇU-TARUMÃ MIRIMA
2008;1,08;RESERVA EXTRATIVISTA DO RIO JUTAÍ
2008;1,20;FLORESTA NACIONAL DE TAPAJÓS
2008;0,16;RESERVA EXTRATIVISTA DO RIO UNINI
2008;13,73;RESERVA EXTRATIVISTA JACI-PARANÁ
2008;2,16;ESTAÇÃO ECOLÓGICA SAMUEL
2008;13,17;ÁREA DE PROTEÇÃO AMBIENTAL DE PRESIDENTE FIGUEIREDO - CAVERNA DO MOROAGA
2008;2,01;PARQUE NACIONAL DOS CAMPOS FERRUGINOSOS
2008;0,21;RESERVA DE DESENVOLVIMENTO SUSTENTÁVEL UACARÍ
2008;1,43;PARQUE NACIONAL DA SERRA DO PARDO
2008;0,45;PARQUE NACIONAL DO CABO ORANGE
2008;1,68;RESERVA BIOLÓGICA DO JARU
2008;0,09;RESERVA EXTRATIVISTA ARAPIXI
2008;0,09;RESERVA BIOLÓGICA DO RIO TROMBETAS
2008;0,57;RESERVA EXTRATIVISTA DO MéDIO PURúS
2008;4,98;FLORESTA NACIONAL DE ITAITUBA II
2008;1,73;PARQUE ESTADUAL DO BACANGA
2008;0,46;RESERVA EXTRATIVISTA DO RIO GREGÓRIO
2008;0,00;RESERVA EXTRATIVISTA MAPUÁ
2008;0,58;FLORESTA ESTADUAL MAÚES
2008;0,08;RESERVA EXTRATIVISTA PEDRAS NEGRAS
2008;8,74;PARQUE ESTADUAL SERRA RICARDO FRANCO
2008;6,52;FLORESTA NACIONAL DE ITACAIUNAS
2008;0,43;FLORESTA ESTADUAL DE RENDIMENTO SUSTENTADO PERIQUITO
2008;0,58;FLORESTA NACIONAL DE PAU-ROSA
2008;12,42;PARQUE NACIONAL MAPINGUARI
2008;0,06;RESERVA BIOLÓGICA DO UATUMÃ
2008;8,87;FLORESTA NACIONAL ALTAMIRA
2008;1,75;RESERVA EXTRATIVISTA GUARIBA-ROOSEVELT
2008;0,01;RESERVA EXTRATIVISTA MARINHA CUINARANA
2008;2,02;ÁREA DE PROTEÇÃO AMBIENTAL MARGEM DIREITA DO RIO NEGRO- SETOR PADUARI-SOLIMÕES
2008;3,56;PARQUE NACIONAL DO JURUENA
2008;2,24;FLORESTA ESTADUAL DO PARU
2008;2,09;PARQUE NACIONAL DA AMAZÔNIA
2008;0,07;FLORESTA NACIONAL DE AMAPÁ
2008;1,97;RESERVA EXTRATIVISTA RIO CAUTÁRIO
2008;0,23;RESERVA EXTRATIVISTA DE CURURUPU
2008;2,40;RESERVA EXTRATIVISTA TAPAJÓS ARAPIUNS
2008;74,39;FLORESTA NACIONAL DO JAMANXIM
2008;9,44;ÁREA DE PROTEÇÃO AMBIENTAL ILHA DO BANANAL/CANTÃO
2008;1,88;ÁREA DE PROTEÇÃO AMBIENTAL DE SÃO GERALDO DO ARAGUAIA
2008;0,36;RESERVA DE DESENVOLVIMENTO SUSTENTÁVEL PUCURUÍ - ARARÃO
2008;3,85;PARQUE NACIONAL DOS CAMPOS AMAZÔNICOS
2008;0,39;RESERVA DE DESENVOLVIMENTO SUSTENTÁVEL PIAGAÇU PURUS
2008;8,12;RESERVA EXTRATIVISTA RIO IRIRI
2008;0,13;RESERVA BIOLÓGICA DO ABUFARI
2008;0,42;RESERVA EXTRATIVISTA AUATÍ-PARANÁ
2008;14,15;FLORESTA ESTADUAL DO AMAPÁ
2008;14,45;RESERVA BIOLÓGICA NASCENTES SERRA DO CACHIMBO
2008;5,20;ÁREA DE PROTEÇÃO AMBIENTAL DO ARQUIPÉLAGO DO MARAJÓ
2008;0,08;ESTAÇÃO ECOLÓGICA DE CUNIÃ
2008;0,06;ESTAÇÃO ECOLÓGICA DE JUTAÍ-SOLIMÕES
2008;1,38;RESERVA EXTRATIVISTA ARIÓCA PRUANÃ
2008;0,21;PARQUE ESTADUAL RIO NEGRO SETOR NORTE
2008;1,53;RESERVA EXTRATIVISTA RIOZINHO DA LIBERDADE
2008;0,44;FLORESTA ESTADUAL DE RENDIMENTO SUSTENTADO ARARAS
2008;0,83;RESERVA DE DESENVOLVIMENTO SUSTENTÁVEL ALCOBAÇA
2008;1,37;RESERVA EXTRATIVISTA RIOZINHO DO ANFRÍSIO
2008;0,33;PARQUE NACIONAL DO JAÚ
2008;0,11;ÁREA DE PROTEÇÃO AMBIENTAL LAGO DE SANTA ISABEL
2008;4,55;PARQUE NACIONAL DO RIO NOVO
2008;0,08;RESERVA DE DESENVOLVIMENTO SUSTENTÁVEL DO TUPÉ
2008;5,64;RESERVA EXTRATIVISTA RIO OURO PRETO
2008;0,22;ÁREA DE PROTEÇÃO AMBIENTAL MEANDROS DO ARAGUAIA
2008;0,16;PARQUE NACIONAL DE PACAÁS NOVOS
2008;0,20;RESERVA EXTRATIVISTA MARINHA ARAI-PEROBA
2008;0,08;RESERVA EXTRATIVISTA BARREIRO DAS ANTAS
2008;0,23;RESERVA EXTRATIVISTA MARINHA DE GURUPI-PIRIÁ
2008;0,80;RESERVA DE DESENVOLVIMENTO SUSTENTÁVEL DO JUMA
2008;8,05;FLORESTA ESTADUAL DE IRIRI
2008;7,19;FLORESTA NACIONAL DE BOM FUTURO
2008;2,49;ÁREA DE PROTEçãO AMBIENTAL DA REGIãO DO MARACANã
2008;0,01;FLORESTA NACIONAL DE HUMAITÁ
2008;0,28;RESERVA EXTRATIVISTA MARINHA TRACUATEUA
2008;0,51;RESERVA EXTRATIVISTA GURUPÁ-MELGAÇO
2008;5,62;FLORESTA NACIONAL DO IQUIRI
2008;0,89;RESERVA EXTRATIVISTA RIO XINGU
2008;0,02;REFúGIO DE VIDA SILVESTRE METRóPOLE DA AMAZôNIA
2008;0,13;ÁREA DE RELEVANTE INTERESSE ECOLÓGICA SERINGAL NOVA ESPERANÇA
2008;0,02;RESERVA EXTRATIVISTA EXTREMO NORTE DO TOCANTINS
2008;0,00;RESERVA EXTRATIVISTA CHOCOARÉ-MATO GROSSO
2008;0,13;RESERVA EXTRATIVISTA MARINHA MOCAPAJUBA
2008;0,74;FLORESTA NACIONAL DE MULATA
2008;0,12;ÁREA DE PROTEÇÃO AMBIENTAL DO RIO MADEIRA
2008;0,32;FLORESTA NACIONAL DE BALATA-TUFARI
2008;0,33;PARQUE ESTADUAL IGARAPÉS DO JURUENA
2008;1,79;PARQUE ESTADUAL CRISTALINO
2008;0,19;RESERVA EXTRATIVISTA ITUXí
2008;0,07;FLORESTA NACIONAL DE PURUS
2008;0,35;ÁREA DE PROTEÇÃO AMBIENTAL - BAIXO RIO BRANCO
2008;3,00;FLORESTA ESTADUAL DE RENDIMENTO SUSTENTADO MUTUM
2008;0,16;RESERVA EXTRATIVISTA MARINHA CAETÉTAPERAÇU
2008;0,10;PARQUE NACIONAL DO ACARI
2008;2,52;FLORESTA NACIONAL DE CARAJÁS
2008;11,49;RESERVA EXTRATIVISTA CHICO MENDES
2008;0,14;ÁREA DE PROTEÇÃO AMBIENTAL  TAPURUQUARA
2008;1,53;RESERVA EXTRATIVISTA IPAÚ-ANILZINHO
2008;2,97;PARQUE NACIONAL DA SERRA DO DIVISOR
2008;1,01;PARQUE NACIONAL DO PICO DA NEBLINA
2008;11,27;PARQUE NACIONAL DO JAMANXIM
2008;61,96;ÁREA DE PROTEçãO AMBIENTAL DE UPAON-AçU / MIRITIBA / ALTO PREGUIçAS
2008;0,06;ÁREA DE PROTEÇÃO AMBIENTAL DA CHAPADA DOS GUIMARÃES
2008;4,09;FLORESTA NACIONAL DE RORAIMA
2008;0,08;RESERVA BIOLÓGICA DE MAICURU
2008;0,07;ESTAÇÃO ECOLÓGICA DO GRÃO PARÁ
2008;0,40;AREA DE PROTEÇÃO AMBIENTAL TARUMA/PONTA NEGRA
2008;0,36;RESERVA EXTRATIVISTA RIO PACAÁS NOVOS
2008;0,59;FLORESTA NACIONAL DO AMAZONAS
2008;1,28;FLORESTA ESTADUAL DE RENDIMENTO SUSTENTADO DO RIO MACHADO
2008;0,57;FLORESTA ESTADUAL DE FARO
2008;0,54;FLORESTA ESTADUAL DE RENDIMENTO SUSTENTADO RIO VERMELHO (C)
2008;0,59;PARQUE ESTADUAL SERRA DO ARACÁ
2008;0,00;RESERVA EXTRATIVISTA ANGELIM
2008;5,86;ÁREA DE PROTEçãO AMBIENTAL DAS REENTRâNCIAS MARANHENSES
2008;2,52;ÁREA DE PROTEÇÃO AMBIENTAL IGARAPÉ SÃO FRANCISCO
2008;0,08;PARQUE NACIONAL DA SERRA DA CUTIA
2008;1,20;PARQUE ESTADUAL SERRA SANTA BÁRBARA
2008;0,05;RESERVA EXTRATIVISTA MAE GRANDE DE CURUÇA
2008;3,11;RESERVA EXTRATIVISTA ALTO TARAUACÁ
2008;2,63;RESERVA DE DESENVOLVIMENTO SUSTENTÁVEL AMANÃ
2008;1,45;FLORESTA NACIONAL DE JACUNDÁ
2008;0,11;PARQUE ESTADUAL DA SERRA DOS MARTÍRIOS/ANDORINHAS
2008;0,28;FLORESTA NACIONAL DO AMANÁ
2008;0,47;FLORESTA ESTADUAL DO TROMBETAS
2008;0,42;RESERVA EXTRATIVISTA MÉDIO JURUÁ
2008;0,11;ÁREA DE PROTEÇÃO AMBIENTAL MARGEM ESQUERDA DO RIO NEGRO-SETOR ATURIÁ-APUAUZINHO
2008;0,24;FLORESTA NACIONAL DE CAXIUANÃ
2008;0,04;RESERVA EXTRATIVISTA MARACANÃ
2008;1,13;RESERVA EXTRATIVISTA DO CIRIÁCO
2008;1,09;FLORESTA NACIONAL DO JAMARI
2008;0,07;RESERVA EXTRATIVISTA DO LAGO DO CAPANÃ GRANDE
2008;0,80;FLORESTA NACIONAL DE SANTA ROSA DO PURUS
2008;1,94;RESERVA EXTRATIVISTA MATA GRANDE
2008;0,00;RESERVA EXTRATIVISTA MASSARANDUBA
2008;3,11;FLORESTA NACIONAL DE TAPIRAPÉ-AQUIRI
2008;2,62;RESERVA DE DESENVOLVIMENTO SUSTENTÁVEL DO UATUMÃ
2008;0,01;FLORESTA ESTADUAL DE RENDIMENTO SUSTENTADO TUCANO
2008;5,83;FLORESTA NACIONAL DE TEFÉ
2008;0,79;PARQUE NACIONAL DO ARAGUAIA
2008;0,20;RESERVA DE DESENVOLVIMENTO SUSTENTAVEL DO RIO MADEIRA
2008;0,53;RESERVA EXTRATIVISTA RIO PRETO-JACUNDÁ
2008;16,48;ÁREA DE PROTEÇÃO AMBIENTAL DO TAPAJÓS